"index","FID","NGAID","SRCLNKID","METLNKID","FEATTYPE","SECCLASS","NAME","AREA_","PHONE","ADDRESS","ADDRESS2","CITY","STATE","ZIP","ZIPP4","COUNTY","FIPS","DIRECTIONS","EMERGTITLE","EMERGPHONE","EMERGEXT","CONTDATE","CONTHOW","GEODATE","GEOHOW","HSIPTHEMES","NAICSCODE","NAICSDESCR","GEOLINKID","SOURCE","X","Y","ST_VENDOR","ST_VERSION","GEOPREC","PHONELOC","QC_QA","MINE_ID","INSPEC_OFF","SIC","CANVASS","MINE_TYPE","STAT_CODE","STAT_DATE","COMPNAME","MINE_PLANT","MADDRESS","MCITY","MSTATE","MZIP","MCOUNTY","SUBUNIT_NU","SUBUNIT_1","SUBUNIT_2","SUBUNIT_3","SUBUNIT_4"
"0","","","","","POINT","MINE","Ningah Colliery","","","","","","West Bengal","","","","","","","","","","","","","MINING","","Coal mining","","https://raw.githubusercontent.com/prateekagr21/COAL-Analysis-and-Prediction/main/Coal%20Mines%20Dataset%20india.csv","87.0333","23.6743","","","","","","","","","","UG","","","ECL","","","","West Bengal","","","","","","",""
"1","","","","","POINT","MINE","Jhanjhara Project Colly","","","","","","West Bengal","","","","","","","","","","","","","MINING","","Coal mining","","https://raw.githubusercontent.com/prateekagr21/COAL-Analysis-and-Prediction/main/Coal%20Mines%20Dataset%20india.csv","87.2963","23.668","","","","","","","","","","UG","","","ECL","","","","West Bengal","","","","","","",""
"2","","","","","POINT","MINE","MAOHUSUDANPUR","","","","","","West Bengal","","","","","","","","","","","","","MINING","","Coal mining","","https://raw.githubusercontent.com/prateekagr21/COAL-Analysis-and-Prediction/main/Coal%20Mines%20Dataset%20india.csv","87.2037","23.6338","","","","","","","","","","UG","","","ECL","","","","West Bengal","","","","","","",""
"3","","","","","POINT","MINE","PARASCOLE(EAST)","","","","","","West Bengal","","","","","","","","","","","","","MINING","","Coal mining","","https://raw.githubusercontent.com/prateekagr21/COAL-Analysis-and-Prediction/main/Coal%20Mines%20Dataset%20india.csv","87.1951","23.6377","","","","","","","","","","UG","","","ECL","","","","West Bengal","","","","","","",""
"4","","","","","POINT","MINE","PARASCOLE(WEST)","","","","","","West Bengal","","","","","","","","","","","","","MINING","","Coal mining","","https://raw.githubusercontent.com/prateekagr21/COAL-Analysis-and-Prediction/main/Coal%20Mines%20Dataset%20india.csv","87.1855","23.6405","","","","","","","","","","UG","","","ECL","","","","West Bengal","","","","","","",""
"5","","","","","POINT","MINE","Jambad UG","","","","","","West Bengal","","","","","","","","","","","","","MINING","","Coal mining","","https://raw.githubusercontent.com/prateekagr21/COAL-Analysis-and-Prediction/main/Coal%20Mines%20Dataset%20india.csv","87.1734","23.6517","","","","","","","","","","UG","","","ECL","","","","West Bengal","","","","","","",""
"6","","","","","POINT","MINE","Khas Kajora","","","","","","West Bengal","","","","","","","","","","","","","MINING","","Coal mining","","https://raw.githubusercontent.com/prateekagr21/COAL-Analysis-and-Prediction/main/Coal%20Mines%20Dataset%20india.csv","87.1926","23.6205","","","","","","","","","","UG","","","ECL","","","","West Bengal","","","","","","",""
"7","","","","","POINT","MINE","Central Kajora","","","","","","West Bengal","","","","","","","","","","","","","MINING","","Coal mining","","https://raw.githubusercontent.com/prateekagr21/COAL-Analysis-and-Prediction/main/Coal%20Mines%20Dataset%20india.csv","87.1874","23.6007","","","","","","","","","","UG","","","ECL","","","","West Bengal","","","","","","",""
"8","","","","","POINT","MINE","NABAKJORA","","","","","","West Bengal","","","","","","","","","","","","","MINING","","Coal mining","","https://raw.githubusercontent.com/prateekagr21/COAL-Analysis-and-Prediction/main/Coal%20Mines%20Dataset%20india.csv","87.1793","23.6346","","","","","","","","","","UG","","","ECL","","","","West Bengal","","","","","","",""
"9","","","","","POINT","MINE","Satgram Project","","","","","","West Bengal","","","","","","","","","","","","","MINING","","Coal mining","","https://raw.githubusercontent.com/prateekagr21/COAL-Analysis-and-Prediction/main/Coal%20Mines%20Dataset%20india.csv","87.1594","23.6471","","","","","","","","","","UG","","","ECL","","","","West Bengal","","","","","","",""
"10","","","","","POINT","MINE","EGARA & NARAYANKURI UNDER MAHABIR COLLIERY","","","","","","West Bengal","","","","","","","","","","","","","MINING","","Coal mining","","https://raw.githubusercontent.com/prateekagr21/COAL-Analysis-and-Prediction/main/Coal%20Mines%20Dataset%20india.csv","87.10873","23.57341","","","","","","","","","","UG","","","ECL","","","","West Bengal","","","","","","",""
"11","","","","","POINT","MINE","Satgram Incline","","","","","","West Bengal","","","","","","","","","","","","","MINING","","Coal mining","","https://raw.githubusercontent.com/prateekagr21/COAL-Analysis-and-Prediction/main/Coal%20Mines%20Dataset%20india.csv","87.0703","23.6827","","","","","","","","","","UG","","","ECL","","","","West Bengal","","","","","","",""
"12","","","","","POINT","MINE","CHAPUIKHAS COLLIERY","","","","","","West Bengal","","","","","","","","","","","","","MINING","","Coal mining","","https://raw.githubusercontent.com/prateekagr21/COAL-Analysis-and-Prediction/main/Coal%20Mines%20Dataset%20india.csv","87.0449","23.6545","","","","","","","","","","UG","","","ECL","","","","West Bengal","","","","","","",""
"13","","","","","POINT","MINE","J K NAGAR","","","","","","West Bengal","","","","","","","","","","","","","MINING","","Coal mining","","https://raw.githubusercontent.com/prateekagr21/COAL-Analysis-and-Prediction/main/Coal%20Mines%20Dataset%20india.csv","87.067","23.649","","","","","","","","","","UG","","","ECL","","","","West Bengal","","","","","","",""
"14","","","","","POINT","MINE","PURE SEARSOLE","","","","","","West Bengal","","","","","","","","","","","","","MINING","","Coal mining","","https://raw.githubusercontent.com/prateekagr21/COAL-Analysis-and-Prediction/main/Coal%20Mines%20Dataset%20india.csv","87.0872","23.6457","","","","","","","","","","UG","","","ECL","","","","West Bengal","","","","","","",""
"15","","","","","POINT","MINE","AMRITNAGAR","","","","","","West Bengal","","","","","","","","","","","","","MINING","","Coal mining","","https://raw.githubusercontent.com/prateekagr21/COAL-Analysis-and-Prediction/main/Coal%20Mines%20Dataset%20india.csv","87.086","23.6155","","","","","","","","","","UG","","","ECL","","","","West Bengal","","","","","","",""
"16","","","","","POINT","MINE","KUNUSTORIA","","","","","","West Bengal","","","","","","","","","","","","","MINING","","Coal mining","","https://raw.githubusercontent.com/prateekagr21/COAL-Analysis-and-Prediction/main/Coal%20Mines%20Dataset%20india.csv","87.1302","23.6499","","","","","","","","","","UG","","","ECL","","","","West Bengal","","","","","","",""
"17","","","","","POINT","MINE","PARASEA","","","","","","West Bengal","","","","","","","","","","","","","MINING","","Coal mining","","https://raw.githubusercontent.com/prateekagr21/COAL-Analysis-and-Prediction/main/Coal%20Mines%20Dataset%20india.csv","87.1629","23.6517","","","","","","","","","","UG","","","ECL","","","","West Bengal","","","","","","",""
"18","","","","","POINT","MINE","BELBAID","","","","","","West Bengal","","","","","","","","","","","","","MINING","","Coal mining","","https://raw.githubusercontent.com/prateekagr21/COAL-Analysis-and-Prediction/main/Coal%20Mines%20Dataset%20india.csv","87.141","23.6577","","","","","","","","","","UG","","","ECL","","","","West Bengal","","","","","","",""
"19","","","","","POINT","MINE","KHANDRA","","","","","","West Bengal","","","","","","","","","","","","","MINING","","Coal mining","","https://raw.githubusercontent.com/prateekagr21/COAL-Analysis-and-Prediction/main/Coal%20Mines%20Dataset%20india.csv","87.2228","23.6414","","","","","","","","","","UG","","","ECL","","","","West Bengal","","","","","","",""
"20","","","","","POINT","MINE","SHYAMSUNOERPUR","","","","","","West Bengal","","","","","","","","","","","","","MINING","","Coal mining","","https://raw.githubusercontent.com/prateekagr21/COAL-Analysis-and-Prediction/main/Coal%20Mines%20Dataset%20india.csv","87.2575","23.6483","","","","","","","","","","UG","","","ECL","","","","West Bengal","","","","","","",""
"21","","","","","POINT","MINE","KUMARDIH A","","","","","","West Bengal","","","","","","","","","","","","","MINING","","Coal mining","","https://raw.githubusercontent.com/prateekagr21/COAL-Analysis-and-Prediction/main/Coal%20Mines%20Dataset%20india.csv","87.2625","23.667","","","","","","","","","","UG","","","ECL","","","","West Bengal","","","","","","",""
"22","","","","","POINT","MINE","TILABONI","","","","","","West Bengal","","","","","","","","","","","","","MINING","","Coal mining","","https://raw.githubusercontent.com/prateekagr21/COAL-Analysis-and-Prediction/main/Coal%20Mines%20Dataset%20india.csv","87.2821","23.6549","","","","","","","","","","UG","","","ECL","","","","West Bengal","","","","","","",""
"23","","","","","POINT","MINE","SANKARPUR","","","","","","West Bengal","","","","","","","","","","","","","MINING","","Coal mining","","https://raw.githubusercontent.com/prateekagr21/COAL-Analysis-and-Prediction/main/Coal%20Mines%20Dataset%20india.csv","87.2382","23.6839","","","","","","","","","","UG","","","ECL","","","","West Bengal","","","","","","",""
"24","","","","","POINT","MINE","BANKOLA","","","","","","West Bengal","","","","","","","","","","","","","MINING","","Coal mining","","https://raw.githubusercontent.com/prateekagr21/COAL-Analysis-and-Prediction/main/Coal%20Mines%20Dataset%20india.csv","87.2367","23.6592","","","","","","","","","","UG","","","ECL","","","","West Bengal","","","","","","",""
"25","","","","","POINT","MINE","CL JAMBAD COLLY","","","","","","West Bengal","","","","","","","","","","","","","MINING","","Coal mining","","https://raw.githubusercontent.com/prateekagr21/COAL-Analysis-and-Prediction/main/Coal%20Mines%20Dataset%20india.csv","87.1979","23.6543","","","","","","","","","","UG","","","ECL","","","","West Bengal","","","","","","",""
"26","","","","","POINT","MINE","LOWER KENDA COTLY","","","","","","West Bengal","","","","","","","","","","","","","MINING","","Coal mining","","https://raw.githubusercontent.com/prateekagr21/COAL-Analysis-and-Prediction/main/Coal%20Mines%20Dataset%20india.csv","87.1692848","23.67752975","","","","","","","","","","UG","","","ECL","","","","West Bengal","","","","","","",""
"27","","","","","POINT","MINE","CHORA 1O PIT COLLY","","","","","","West Bengal","","","","","","","","","","","","","MINING","","Coal mining","","https://raw.githubusercontent.com/prateekagr21/COAL-Analysis-and-Prediction/main/Coal%20Mines%20Dataset%20india.csv","87.2023","23.6783","","","","","","","","","","UG","","","ECL","","","","West Bengal","","","","","","",""
"28","","","","","POINT","MINE","BAHULA","","","","","","West Bengal","","","","","","","","","","","","","MINING","","Coal mining","","https://raw.githubusercontent.com/prateekagr21/COAL-Analysis-and-Prediction/main/Coal%20Mines%20Dataset%20india.csv","87.1811","23.6639","","","","","","","","","","UG","","","ECL","","","","West Bengal","","","","","","",""
"29","","","","","POINT","MINE","CHORA 7&9 PIT COLLY","","","","","","West Bengal","","","","","","","","","","","","","MINING","","Coal mining","","https://raw.githubusercontent.com/prateekagr21/COAL-Analysis-and-Prediction/main/Coal%20Mines%20Dataset%20india.csv","87.1906","23.6749","","","","","","","","","","UG","","","ECL","","","","West Bengal","","","","","","",""
"30","","","","","POINT","MINE","SIDULI COLLY","","","","","","West Bengal","","","","","","","","","","","","","MINING","","Coal mining","","https://raw.githubusercontent.com/prateekagr21/COAL-Analysis-and-Prediction/main/Coal%20Mines%20Dataset%20india.csv","87.2093","23.6499","","","","","","","","","","UG","","","ECL","","","","West Bengal","","","","","","",""
"31","","","","","POINT","MINE","CHINAKURI-III","","","","","","West Bengal","","","","","","","","","","","","","MINING","","Coal mining","","https://raw.githubusercontent.com/prateekagr21/COAL-Analysis-and-Prediction/main/Coal%20Mines%20Dataset%20india.csv","86.8596","23.6853","","","","","","","","","","UG","","","ECL","","","","West Bengal","","","","","","",""
"32","","","","","POINT","MINE","METHANI","","","","","","West Bengal","","","","","","","","","","","","","MINING","","Coal mining","","https://raw.githubusercontent.com/prateekagr21/COAL-Analysis-and-Prediction/main/Coal%20Mines%20Dataset%20india.csv","86.8902","23.6946","","","","","","","","","","UG","","","ECL","","","","West Bengal","","","","","","",""
"33","","","","","POINT","MINE","Sodepur","","","","","","West Bengal","","","","","","","","","","","","","MINING","","Coal mining","","https://raw.githubusercontent.com/prateekagr21/COAL-Analysis-and-Prediction/main/Coal%20Mines%20Dataset%20india.csv","86.8545","23.6882","","","","","","","","","","UG","","","ECL","","","","West Bengal","","","","","","",""
"34","","","","","POINT","MINE","BEJDIH","","","","","","West Bengal","","","","","","","","","","","","","MINING","","Coal mining","","https://raw.githubusercontent.com/prateekagr21/COAL-Analysis-and-Prediction/main/Coal%20Mines%20Dataset%20india.csv","86.8753","23.6935","","","","","","","","","","UG","","","ECL","","","","West Bengal","","","","","","",""
"35","","","","","POINT","MINE","NARSUMUDA","","","","","","West Bengal","","","","","","","","","","","","","MINING","","Coal mining","","https://raw.githubusercontent.com/prateekagr21/COAL-Analysis-and-Prediction/main/Coal%20Mines%20Dataset%20india.csv","86.9149","23.6901","","","","","","","","","","UG","","","ECL","","","","West Bengal","","","","","","",""
"36","","","","","POINT","MINE","PATMOHONA","","","","","","West Bengal","","","","","","","","","","","","","MINING","","Coal mining","","https://raw.githubusercontent.com/prateekagr21/COAL-Analysis-and-Prediction/main/Coal%20Mines%20Dataset%20india.csv","86.8903","23.6853","","","","","","","","","","UG","","","ECL","","","","West Bengal","","","","","","",""
"37","","","","","POINT","MINE","DHEMOMAIN PIT","","","","","","West Bengal","","","","","","","","","","","","","MINING","","Coal mining","","https://raw.githubusercontent.com/prateekagr21/COAL-Analysis-and-Prediction/main/Coal%20Mines%20Dataset%20india.csv","86.9087","23.7046","","","","","","","","","","UG","","","ECL","","","","West Bengal","","","","","","",""
"38","","","","","POINT","MINE","DHEMOMAIN INCLINE","","","","","","West Bengal","","","","","","","","","","","","","MINING","","Coal mining","","https://raw.githubusercontent.com/prateekagr21/COAL-Analysis-and-Prediction/main/Coal%20Mines%20Dataset%20india.csv","86.9087","23.7046","","","","","","","","","","UG","","","ECL","","","","West Bengal","","","","","","",""
"39","","","","","POINT","MINE","MANOERBONI & SOUTH SAMLAAMALGATEO, MINE","","","","","","West Bengal","","","","","","","","","","","","","MINING","","Coal mining","","https://raw.githubusercontent.com/prateekagr21/COAL-Analysis-and-Prediction/main/Coal%20Mines%20Dataset%20india.csv","87.314","23.7112","","","","","","","","","","UG","","","ECL","","","","West Bengal","","","","","","",""
"40","","","","","POINT","MINE","PANDAVESWAR","","","","","","West Bengal","","","","","","","","","","","","","MINING","","Coal mining","","https://raw.githubusercontent.com/prateekagr21/COAL-Analysis-and-Prediction/main/Coal%20Mines%20Dataset%20india.csv","87.2714","23.7183","","","","","","","","","","UG","","","ECL","","","","West Bengal","","","","","","",""
"41","","","","","POINT","MINE","KOTTADIH UG","","","","","","West Bengal","","","","","","","","","","","","","MINING","","Coal mining","","https://raw.githubusercontent.com/prateekagr21/COAL-Analysis-and-Prediction/main/Coal%20Mines%20Dataset%20india.csv","87.2419","23.7233","","","","","","","","","","UG","","","ECL","","","","West Bengal","","","","","","",""
"42","","","","","POINT","MINE","BONJEMEHARI (EXTN)","","","","","","West Bengal","","","","","","","","","","","","","MINING","","Coal mining","","https://raw.githubusercontent.com/prateekagr21/COAL-Analysis-and-Prediction/main/Coal%20Mines%20Dataset%20india.csv","86.876","23.787","","","","","","","","","","OC","","","ECL","","","","West Bengal","","","","","","",""
"43","","","","","POINT","MINE","MOHANPUR (EXPN)","","","","","","West Bengal","","","","","","","","","","","","","MINING","","Coal mining","","https://raw.githubusercontent.com/prateekagr21/COAL-Analysis-and-Prediction/main/Coal%20Mines%20Dataset%20india.csv","86.951","23.7867","","","","","","","","","","OC","","","ECL","","","","West Bengal","","","","","","",""
"44","","","","","POINT","MINE","GOURANOIH EXPN","","","","","","West Bengal","","","","","","","","","","","","","MINING","","Coal mining","","https://raw.githubusercontent.com/prateekagr21/COAL-Analysis-and-Prediction/main/Coal%20Mines%20Dataset%20india.csv","86.9947","23.8153","","","","","","","","","","OC","","","ECL","","","","West Bengal","","","","","","",""
"45","","","","","POINT","MINE","DABAR PH III","","","","","","West Bengal","","","","","","","","","","","","","MINING","","Coal mining","","https://raw.githubusercontent.com/prateekagr21/COAL-Analysis-and-Prediction/main/Coal%20Mines%20Dataset%20india.csv","86.9173","23.7895","","","","","","","","","","OC","","","ECL","","","","West Bengal","","","","","","",""
"46","","","","","POINT","MINE","ITAPARA","","","","","","West Bengal","","","","","","","","","","","","","MINING","","Coal mining","","https://raw.githubusercontent.com/prateekagr21/COAL-Analysis-and-Prediction/main/Coal%20Mines%20Dataset%20india.csv","86.9786","23.7879","","","","","","","","","","OC","","","ECL","","","","West Bengal","","","","","","",""
"47","","","","","POINT","MINE","GOURANDIH BEGUNIA","","","","","","West Bengal","","","","","","","","","","","","","MINING","","Coal mining","","https://raw.githubusercontent.com/prateekagr21/COAL-Analysis-and-Prediction/main/Coal%20Mines%20Dataset%20india.csv","87.02553","23.805","","","","","","","","","","OC","","","ECL","","","","West Bengal","","","","","","",""
"48","","","","","POINT","MINE","KALIPAHARI OC PATCH A","","","","","","West Bengal","","","","","","","","","","","","","MINING","","Coal mining","","https://raw.githubusercontent.com/prateekagr21/COAL-Analysis-and-Prediction/main/Coal%20Mines%20Dataset%20india.csv","87.012","23.6673","","","","","","","","","","OC","","","ECL","","","","West Bengal","","","","","","",""
"49","","","","","POINT","MINE","SONEPUR BAZARI PROJECT","","","","","","West Bengal","","","","","","","","","","","","","MINING","","Coal mining","","https://raw.githubusercontent.com/prateekagr21/COAL-Analysis-and-Prediction/main/Coal%20Mines%20Dataset%20india.csv","87.2054","23.7011","","","","","","","","","","OC","","","ECL","","","","West Bengal","","","","","","",""
"50","","","","","POINT","MINE","JAMBAD","","","","","","West Bengal","","","","","","","","","","","","","MINING","","Coal mining","","https://raw.githubusercontent.com/prateekagr21/COAL-Analysis-and-Prediction/main/Coal%20Mines%20Dataset%20india.csv","87.177","23.654","","","","","","","","","","OC","","","ECL","","","","West Bengal","","","","","","",""
"51","","","","","POINT","MINE","NORTH SEARSOLE","","","","","","West Bengal","","","","","","","","","","","","","MINING","","Coal mining","","https://raw.githubusercontent.com/prateekagr21/COAL-Analysis-and-Prediction/main/Coal%20Mines%20Dataset%20india.csv","87.1142","23.6626","","","","","","","","","","OC","","","ECL","","","","West Bengal","","","","","","",""
"52","","","","","POINT","MINE","KHOTADIH OC","","","","","","West Bengal","","","","","","","","","","","","","MINING","","Coal mining","","https://raw.githubusercontent.com/prateekagr21/COAL-Analysis-and-Prediction/main/Coal%20Mines%20Dataset%20india.csv","87.233","23.7244","","","","","","","","","","OC","","","ECL","","","","West Bengal","","","","","","",""
"53","","","","","POINT","MINE","DALURBANDH","","","","","","West Bengal","","","","","","","","","","","","","MINING","","Coal mining","","https://raw.githubusercontent.com/prateekagr21/COAL-Analysis-and-Prediction/main/Coal%20Mines%20Dataset%20india.csv","87.266","23.7168","","","","","","","","","","OC","","","ECL","","","","West Bengal","","","","","","",""
"54","","","","","POINT","MINE","BHANORA W/B (UG & OC)","","","","","","West Bengal","","","","","","","","","","","","","MINING","","Coal mining","","https://raw.githubusercontent.com/prateekagr21/COAL-Analysis-and-Prediction/main/Coal%20Mines%20Dataset%20india.csv","86.9943","23.7276","","","","","","","","","","Mixed","","","ECL","","","","West Bengal","","","","","","",""
"55","","","","","POINT","MINE","MADHABPUR UG & MADHABPUR OC","","","","","","West Bengal","","","","","","","","","","","","","MINING","","Coal mining","","https://raw.githubusercontent.com/prateekagr21/COAL-Analysis-and-Prediction/main/Coal%20Mines%20Dataset%20india.csv","87.1746","23.6313","","","","","","","","","","Mixed","","","ECL","","","","West Bengal","","","","","","",""
"56","","","","","POINT","MINE","NIMCHA COLLY","","","","","","West Bengal","","","","","","","","","","","","","MINING","","Coal mining","","https://raw.githubusercontent.com/prateekagr21/COAL-Analysis-and-Prediction/main/Coal%20Mines%20Dataset%20india.csv","86.8572","23.7495","","","","","","","","","","Mixed","","","ECL","","","","West Bengal","","","","","","",""
"57","","","","","POINT","MINE","BANSRA","","","","","","West Bengal","","","","","","","","","","","","","MINING","","Coal mining","","https://raw.githubusercontent.com/prateekagr21/COAL-Analysis-and-Prediction/main/Coal%20Mines%20Dataset%20india.csv","87.1382","23.6296","","","","","","","","","","Mixed","","","ECL","","","","West Bengal","","","","","","",""
"58","","","","","POINT","MINE","NAKRAKONDA.KUMARDIH B","","","","","","West Bengal","","","","","","","","","","","","","MINING","","Coal mining","","https://raw.githubusercontent.com/prateekagr21/COAL-Analysis-and-Prediction/main/Coal%20Mines%20Dataset%20india.csv","87.28763","23.67963","","","","","","","","","","Mixed","","","ECL","","","","West Bengal","","","","","","",""
"59","","","","","POINT","MINE","CHORA BLOCK INCLINE, SHANKARPUR OC & BONBAHAL OC","","","","","","West Bengal","","","","","","","","","","","","","MINING","","Coal mining","","https://raw.githubusercontent.com/prateekagr21/COAL-Analysis-and-Prediction/main/Coal%20Mines%20Dataset%20india.csv","87.2033","23.6729","","","","","","","","","","Mixed","","","ECL","","","","West Bengal","","","","","","",""
"60","","","","","POINT","MINE","NEW KENDA UG & OC","","","","","","West Bengal","","","","","","","","","","","","","MINING","","Coal mining","","https://raw.githubusercontent.com/prateekagr21/COAL-Analysis-and-Prediction/main/Coal%20Mines%20Dataset%20india.csv","87.1624","23.6657","","","","","","","","","","Mixed","","","ECL","","","","West Bengal","","","","","","",""
"61","","","","","POINT","MINE","DAMAGORIA","","","","","","West Bengal","","","","","","","","","","","","","MINING","","Coal mining","","https://raw.githubusercontent.com/prateekagr21/COAL-Analysis-and-Prediction/main/Coal%20Mines%20Dataset%20india.csv","86.8531","23.7611","","","","","","","","","","OC","","","BCCL","","","","West Bengal","","","","","","",""
"62","","","","","POINT","MINE","MADHAIPUR","","","","","","West Bengal","","","","","","","","","","","","","MINING","","Coal mining","","https://raw.githubusercontent.com/prateekagr21/COAL-Analysis-and-Prediction/main/Coal%20Mines%20Dataset%20india.csv","87.3467","23.7037","","","","","","","","","","Mixed","","","ECL","","","","West Bengal","","","","","","",""
"63","","","","","POINT","MINE","Sarisatolli (CAPTIVE)","","","","","","West Bengal","","","","","","","","","","","","","MINING","","Coal mining","","https://raw.githubusercontent.com/prateekagr21/COAL-Analysis-and-Prediction/main/Coal%20Mines%20Dataset%20india.csv","87.0356","23.8012","","","","","","","","","","OC","","","CESC","","","","West Bengal","","","","","","",""
"64","","","","","POINT","MINE","Ramnagar coal mine (CAPTIVE)","","","","","","West Bengal","","","","","","","","","","","","","MINING","","Coal mining","","https://raw.githubusercontent.com/prateekagr21/COAL-Analysis-and-Prediction/main/Coal%20Mines%20Dataset%20india.csv","86.8359","23.7564","","","","","","","","","","OC","","","SAIL","","","","West Bengal","","","","","","",""
"65","","","","","POINT","MINE","Ardhagram Coal Mine (CAPTIVE)","","","","","","West Bengal","","","","","","","","","","","","","MINING","","Coal mining","","https://raw.githubusercontent.com/prateekagr21/COAL-Analysis-and-Prediction/main/Coal%20Mines%20Dataset%20india.csv","87.0861","23.5827","","","","","","","","","","OC","","","OCL Iron Steel Limited","","","","West Bengal","","","","","","",""
"66","","","","","POINT","MINE","KALIDASPUR PROJECT","","","","","","West Bengal","","","","","","","","","","","","","MINING","","Coal mining","","https://raw.githubusercontent.com/prateekagr21/COAL-Analysis-and-Prediction/main/Coal%20Mines%20Dataset%20india.csv","87.0365","23.5939","","","","","","","","","","UG","","","ECL","","","","West Bengal","","","","","","",""
"67","","","","","POINT","MINE","PARBELIA","","","","","","West Bengal","","","","","","","","","","","","","MINING","","Coal mining","","https://raw.githubusercontent.com/prateekagr21/COAL-Analysis-and-Prediction/main/Coal%20Mines%20Dataset%20india.csv","86.8257","23.6733","","","","","","","","","","UG","","","ECL","","","","West Bengal","","","","","","",""
"68","","","","","POINT","MINE","DUBESWARI","","","","","","West Bengal","","","","","","","","","","","","","MINING","","Coal mining","","https://raw.githubusercontent.com/prateekagr21/COAL-Analysis-and-Prediction/main/Coal%20Mines%20Dataset%20india.csv","86.8235","23.6615","","","","","","","","","","UG","","","ECL","","","","West Bengal","","","","","","",""
"69","","","","","POINT","MINE","Barjora Coal Mine","","","","","","West Bengal","","","","","","","","","","","","","MINING","","Coal mining","","https://raw.githubusercontent.com/prateekagr21/COAL-Analysis-and-Prediction/main/Coal%20Mines%20Dataset%20india.csv","87.2264","23.7454","","","","","","","","","","OC","","","WBPDCL","","","","West Bengal","","","","","","",""
"70","","","","","POINT","MINE","RAJMAHAL","","","","","","Jharkhand","","","","","","","","","","","","","MINING","","Coal mining","","https://raw.githubusercontent.com/prateekagr21/COAL-Analysis-and-Prediction/main/Coal%20Mines%20Dataset%20india.csv","87.3538","25.038","","","","","","","","","","OC","","","ECL","","","","Jharkhand","","","","","","",""
"71","","","","","POINT","MINE","HURRA 'C'","","","","","","Jharkhand","","","","","","","","","","","","","MINING","","Coal mining","","https://raw.githubusercontent.com/prateekagr21/COAL-Analysis-and-Prediction/main/Coal%20Mines%20Dataset%20india.csv","87.3808","24.9867","","","","","","","","","","OC","","","ECL","","","","Jharkhand","","","","","","",""
"72","","","","","POINT","MINE","CHITRA EAST","","","","","","Jharkhand","","","","","","","","","","","","","MINING","","Coal mining","","https://raw.githubusercontent.com/prateekagr21/COAL-Analysis-and-Prediction/main/Coal%20Mines%20Dataset%20india.csv","86.8636","24.119","","","","","","","","","","OC","","","ECL","","","","Jharkhand","","","","","","",""
"73","","","","","POINT","MINE","Tasra (CAPTIVE)","","","","","","Jharkhand","","","","","","","","","","","","","MINING","","Coal mining","","https://raw.githubusercontent.com/prateekagr21/COAL-Analysis-and-Prediction/main/Coal%20Mines%20Dataset%20india.csv","86.4704","23.6532","","","","","","","","","","OC","","","SAIL","","","","Jharkhand","","","","","","",""
"74","","","","","POINT","MINE","Jitpur (CAPTIVE)","","","","","","Jharkhand","","","","","","","","","","","","","MINING","","Coal mining","","https://raw.githubusercontent.com/prateekagr21/COAL-Analysis-and-Prediction/main/Coal%20Mines%20Dataset%20india.csv","86.39069483","23.71510714","","","","","","","","","","OC","","","IISCO","","","","Jharkhand","","","","","","",""
"75","","","","","POINT","MINE","Chasnala (CAPTIVE)","","","","","","Jharkhand","","","","","","","","","","","","","MINING","","Coal mining","","https://raw.githubusercontent.com/prateekagr21/COAL-Analysis-and-Prediction/main/Coal%20Mines%20Dataset%20india.csv","86.4568","23.665","","","","","","","","","","OC","","","IISCO","","","","Jharkhand","","","","","","",""
"76","","","","","POINT","MINE","BADJNA","","","","","","Jharkhand","","","","","","","","","","","","","MINING","","Coal mining","","https://raw.githubusercontent.com/prateekagr21/COAL-Analysis-and-Prediction/main/Coal%20Mines%20Dataset%20india.csv","86.6957","23.8004","","","","","","","","","","UG","","","ECL","","","","Jharkhand","","","","","","",""
"77","","","","","POINT","MINE","HARIAJAM","","","","","","Jharkhand","","","","","","","","","","","","","MINING","","Coal mining","","https://raw.githubusercontent.com/prateekagr21/COAL-Analysis-and-Prediction/main/Coal%20Mines%20Dataset%20india.csv","86.6903","23.7926","","","","","","","","","","UG","","","ECL","","","","Jharkhand","","","","","","",""
"78","","","","","POINT","MINE","LAKHIMATA","","","","","","Jharkhand","","","","","","","","","","","","","MINING","","Coal mining","","https://raw.githubusercontent.com/prateekagr21/COAL-Analysis-and-Prediction/main/Coal%20Mines%20Dataset%20india.csv","86.7314","23.7729","","","","","","","","","","UG","","","ECL","","","","Jharkhand","","","","","","",""
"79","","","","","POINT","MINE","SHAYAMPUR-B","","","","","","Jharkhand","","","","","","","","","","","","","MINING","","Coal mining","","https://raw.githubusercontent.com/prateekagr21/COAL-Analysis-and-Prediction/main/Coal%20Mines%20Dataset%20india.csv","86.7321","23.7623","","","","","","","","","","UG","","","ECL","","","","Jharkhand","","","","","","",""
"80","","","","","POINT","MINE","KUMARDHUBI","","","","","","Jharkhand","","","","","","","","","","","","","MINING","","Coal mining","","https://raw.githubusercontent.com/prateekagr21/COAL-Analysis-and-Prediction/main/Coal%20Mines%20Dataset%20india.csv","86.7962","23.7464","","","","","","","","","","UG","","","ECL","","","","Jharkhand","","","","","","",""
"81","","","","","POINT","MINE","KHOODIA","","","","","","Jharkhand","","","","","","","","","","","","","MINING","","Coal mining","","https://raw.githubusercontent.com/prateekagr21/COAL-Analysis-and-Prediction/main/Coal%20Mines%20Dataset%20india.csv","86.7297","23.7738","","","","","","","","","","UG","","","ECL","","","","Jharkhand","","","","","","",""
"82","","","","","POINT","MINE","RAJPURA","","","","","","Jharkhand","","","","","","","","","","","","","MINING","","Coal mining","","https://raw.githubusercontent.com/prateekagr21/COAL-Analysis-and-Prediction/main/Coal%20Mines%20Dataset%20india.csv","86.7731","23.7586","","","","","","","","","","OC","","","ECL","","","","Jharkhand","","","","","","",""
"83","","","","","POINT","MINE","BARMURI","","","","","","Jharkhand","","","","","","","","","","","","","MINING","","Coal mining","","https://raw.githubusercontent.com/prateekagr21/COAL-Analysis-and-Prediction/main/Coal%20Mines%20Dataset%20india.csv","86.812","23.7525","","","","","","","","","","OC","","","ECL","","","","Jharkhand","","","","","","",""
"84","","","","","POINT","MINE","KAPASARA","","","","","","Jharkhand","","","","","","","","","","","","","MINING","","Coal mining","","https://raw.githubusercontent.com/prateekagr21/COAL-Analysis-and-Prediction/main/Coal%20Mines%20Dataset%20india.csv","86.7545","23.7585","","","","","","","","","","OC","","","ECL","","","","Jharkhand","","","","","","",""
"85","","","","","POINT","MINE","NIRSHA","","","","","","Jharkhand","","","","","","","","","","","","","MINING","","Coal mining","","https://raw.githubusercontent.com/prateekagr21/COAL-Analysis-and-Prediction/main/Coal%20Mines%20Dataset%20india.csv","86.7058","23.7873","","","","","","","","","","OC","","","ECL","","","","Jharkhand","","","","","","",""
"86","","","","","POINT","MINE","CHAPAPUR -II","","","","","","Jharkhand","","","","","","","","","","","","","MINING","","Coal mining","","https://raw.githubusercontent.com/prateekagr21/COAL-Analysis-and-Prediction/main/Coal%20Mines%20Dataset%20india.csv","86.6755","23.8049","","","","","","","","","","Mixed","","","ECL","","","","Jharkhand","","","","","","",""
"87","","","","","POINT","MINE","JOGIDIH","","","","","","Jharkhand","","","","","","","","","","","","","MINING","","Coal mining","","https://raw.githubusercontent.com/prateekagr21/COAL-Analysis-and-Prediction/main/Coal%20Mines%20Dataset%20india.csv","86.26037","23.8087","","","","","","","","","","UG","","","BCCL","","","","Jharkhand","","","","","","",""
"88","","","","","POINT","MINE","KHARKAREE","","","","","","Jharkhand","","","","","","","","","","","","","MINING","","Coal mining","","https://raw.githubusercontent.com/prateekagr21/COAL-Analysis-and-Prediction/main/Coal%20Mines%20Dataset%20india.csv","86.2391","23.7773","","","","","","","","","","UG","","","BCCL","","","","Jharkhand","","","","","","",""
"89","","","","","POINT","MINE","MAHESHPUR","","","","","","Jharkhand","","","","","","","","","","","","","MINING","","Coal mining","","https://raw.githubusercontent.com/prateekagr21/COAL-Analysis-and-Prediction/main/Coal%20Mines%20Dataset%20india.csv","86.2556","23.7864","","","","","","","","","","UG","","","BCCL","","","","Jharkhand","","","","","","",""
"90","","","","","POINT","MINE","SALANPUR","","","","","","Jharkhand","","","","","","","","","","","","","MINING","","Coal mining","","https://raw.githubusercontent.com/prateekagr21/COAL-Analysis-and-Prediction/main/Coal%20Mines%20Dataset%20india.csv","86.298","23.8083","","","","","","","","","","UG","","","BCCL","","","","Jharkhand","","","","","","",""
"91","","","","","POINT","MINE","MUUDIDIH","","","","","","Jharkhand","","","","","","","","","","","","","MINING","","Coal mining","","https://raw.githubusercontent.com/prateekagr21/COAL-Analysis-and-Prediction/main/Coal%20Mines%20Dataset%20india.csv","86.35299","23.74128","","","","","","","","","","UG","","","BCCL","","","","Jharkhand","","","","","","",""
"92","","","","","POINT","MINE","BHAGABAND","","","","","","Jharkhand","","","","","","","","","","","","","MINING","","Coal mining","","https://raw.githubusercontent.com/prateekagr21/COAL-Analysis-and-Prediction/main/Coal%20Mines%20Dataset%20india.csv","86.3861","23.7416","","","","","","","","","","UG","","","BCCL","","","","Jharkhand","","","","","","",""
"93","","","","","POINT","MINE","P, B. PROJECT","","","","","","Jharkhand","","","","","","","","","","","","","MINING","","Coal mining","","https://raw.githubusercontent.com/prateekagr21/COAL-Analysis-and-Prediction/main/Coal%20Mines%20Dataset%20india.csv","86.3633","23.7553","","","","","","","","","","UG","","","BCCL","","","","Jharkhand","","","","","","",""
"94","","","","","POINT","MINE","KB 10/12 PITS UG","","","","","","Jharkhand","","","","","","","","","","","","","MINING","","Coal mining","","https://raw.githubusercontent.com/prateekagr21/COAL-Analysis-and-Prediction/main/Coal%20Mines%20Dataset%20india.csv","86.3759","23.7556","","","","","","","","","","UG","","","BCCL","","","","Jharkhand","","","","","","",""
"95","","","","","POINT","MINE","BASTACOLLA","","","","","","Jharkhand","","","","","","","","","","","","","MINING","","Coal mining","","https://raw.githubusercontent.com/prateekagr21/COAL-Analysis-and-Prediction/main/Coal%20Mines%20Dataset%20india.csv","86.4163","23.7634","","","","","","","","","","UG","","","BCCL","","","","Jharkhand","","","","","","",""
"96","","","","","POINT","MINE","BHOWRAH(NORTH) COLLIERY","","","","","","Jharkhand","","","","","","","","","","","","","MINING","","Coal mining","","https://raw.githubusercontent.com/prateekagr21/COAL-Analysis-and-Prediction/main/Coal%20Mines%20Dataset%20india.csv","86.399","23.688","","","","","","","","","","UG","","","BCCL","","","","Jharkhand","","","","","","",""
"97","","","","","POINT","MINE","MOONIDIH PROJECT","","","","","","Jharkhand","","","","","","","","","","","","","MINING","","Coal mining","","https://raw.githubusercontent.com/prateekagr21/COAL-Analysis-and-Prediction/main/Coal%20Mines%20Dataset%20india.csv","86.3527","23.741","","","","","","","","","","UG","","","BCCL","","","","Jharkhand","","","","","","",""
"98","","","","","POINT","MINE","MURAIDIH","","","","","","Jharkhand","","","","","","","","","","","","","MINING","","Coal mining","","https://raw.githubusercontent.com/prateekagr21/COAL-Analysis-and-Prediction/main/Coal%20Mines%20Dataset%20india.csv","86.2389","23.808","","","","","","","","","","OC","","","BCCL","","","","Jharkhand","","","","","","",""
"99","","","","","POINT","MINE","AMALGAMATED BOCP MINE","","","","","","Jharkhand","","","","","","","","","","","","","MINING","","Coal mining","","https://raw.githubusercontent.com/prateekagr21/COAL-Analysis-and-Prediction/main/Coal%20Mines%20Dataset%20india.csv","86.79445561","23.75722302","","","","","","","","","","OC","","","BCCL","","","","Jharkhand","","","","","","",""
"100","","","","","POINT","MINE","AMALGAMTED BLOCK-IV GOVINDPUR COLLIERY(ABGC)","","","","","","Jharkhand","","","","","","","","","","","","","MINING","","Coal mining","","https://raw.githubusercontent.com/prateekagr21/COAL-Analysis-and-Prediction/main/Coal%20Mines%20Dataset%20india.csv","86.27696513","23.80105166","","","","","","","","","","OC","","","BCCL","","","","Jharkhand","","","","","","",""
"101","","","","","POINT","MINE","NICHITPUR","","","","","","Jharkhand","","","","","","","","","","","","","MINING","","Coal mining","","https://raw.githubusercontent.com/prateekagr21/COAL-Analysis-and-Prediction/main/Coal%20Mines%20Dataset%20india.csv","86.3444","23.7917","","","","","","","","","","OC","","","BCCL","","","","Jharkhand","","","","","","",""
"102","","","","","POINT","MINE","SENDRA BANSJORA","","","","","","Jharkhand","","","","","","","","","","","","","MINING","","Coal mining","","https://raw.githubusercontent.com/prateekagr21/COAL-Analysis-and-Prediction/main/Coal%20Mines%20Dataset%20india.csv","86.3472","23.7875","","","","","","","","","","OC","","","BCCL","","","","Jharkhand","","","","","","",""
"103","","","","","POINT","MINE","KANKANEE","","","","","","Jharkhand","","","","","","","","","","","","","MINING","","Coal mining","","https://raw.githubusercontent.com/prateekagr21/COAL-Analysis-and-Prediction/main/Coal%20Mines%20Dataset%20india.csv","86.3417","23.775","","","","","","","","","","OC","","","BCCL","","","","Jharkhand","","","","","","",""
"104","","","","","POINT","MINE","BANSDEOPUR","","","","","","Jharkhand","","","","","","","","","","","","","MINING","","Coal mining","","https://raw.githubusercontent.com/prateekagr21/COAL-Analysis-and-Prediction/main/Coal%20Mines%20Dataset%20india.csv","86.3625","23.725","","","","","","","","","","OC","","","BCCL","","","","Jharkhand","","","","","","",""
"105","","","","","POINT","MINE","E. BASSURIYA","","","","","","Jharkhand","","","","","","","","","","","","","MINING","","Coal mining","","https://raw.githubusercontent.com/prateekagr21/COAL-Analysis-and-Prediction/main/Coal%20Mines%20Dataset%20india.csv","86.3694","23.7979","","","","","","","","","","OC","","","BCCL","","","","Jharkhand","","","","","","",""
"106","","","","","POINT","MINE","AMALGAMATED DHANSAR. INOUSTRY. COLLIERY","","","","","","Jharkhand","","","","","","","","","","","","","MINING","","Coal mining","","https://raw.githubusercontent.com/prateekagr21/COAL-Analysis-and-Prediction/main/Coal%20Mines%20Dataset%20india.csv","86.41349435","23.77445398","","","","","","","","","","OC","","","BCCL","","","","Jharkhand","","","","","","",""
"107","","","","","POINT","MINE","ENA","","","","","","Jharkhand","","","","","","","","","","","","","MINING","","Coal mining","","https://raw.githubusercontent.com/prateekagr21/COAL-Analysis-and-Prediction/main/Coal%20Mines%20Dataset%20india.csv","86.4094","23.7568","","","","","","","","","","OC","","","BCCL","","","","Jharkhand","","","","","","",""
"108","","","","","POINT","MINE","KENDUADIH","","","","","","Jharkhand","","","","","","","","","","","","","MINING","","Coal mining","","https://raw.githubusercontent.com/prateekagr21/COAL-Analysis-and-Prediction/main/Coal%20Mines%20Dataset%20india.csv","86.3744","23.7371","","","","","","","","","","OC","","","BCCL","","","","Jharkhand","","","","","","",""
"109","","","","","POINT","MINE","ROCP","","","","","","Jharkhand","","","","","","","","","","","","","MINING","","Coal mining","","https://raw.githubusercontent.com/prateekagr21/COAL-Analysis-and-Prediction/main/Coal%20Mines%20Dataset%20india.csv","86.42099724","23.75592983","","","","","","","","","","OC","","","BCCL","","","","Jharkhand","","","","","","",""
"110","","","","","POINT","MINE","AMALGAMATEO N.T.S.T. JEENAGORA COLLIERY","","","","","","Jharkhand","","","","","","","","","","","","","MINING","","Coal mining","","https://raw.githubusercontent.com/prateekagr21/COAL-Analysis-and-Prediction/main/Coal%20Mines%20Dataset%20india.csv","86.4403","23.7028","","","","","","","","","","OC","","","BCCL","","","","Jharkhand","","","","","","",""
"111","","","","","POINT","MINE","AMALGAMATEO SUDAMDIH. PATHERDIH COLLIERY","","","","","","Jharkhand","","","","","","","","","","","","","MINING","","Coal mining","","https://raw.githubusercontent.com/prateekagr21/COAL-Analysis-and-Prediction/main/Coal%20Mines%20Dataset%20india.csv","86.432","23.667","","","","","","","","","","OC","","","BCCL","","","","Jharkhand","","","","","","",""
"112","","","","","POINT","MINE","BASANTIMATA-DAHIBARI COLLIERY","","","","","","Jharkhand","","","","","","","","","","","","","MINING","","Coal mining","","https://raw.githubusercontent.com/prateekagr21/COAL-Analysis-and-Prediction/main/Coal%20Mines%20Dataset%20india.csv","86.7465","23.725","","","","","","","","","","OC","","","BCCL","","","","Jharkhand","","","","","","",""
"113","","","","","POINT","MINE","AGKCC","","","","","","Jharkhand","","","","","","","","","","","","","MINING","","Coal mining","","https://raw.githubusercontent.com/prateekagr21/COAL-Analysis-and-Prediction/main/Coal%20Mines%20Dataset%20india.csv","86.29179139","23.80983994","","","","","","","","","","OC","","","BCCL","","","","Jharkhand","","","","","","",""
"114","","","","","POINT","MINE","PHULARITAND","","","","","","Jharkhand","","","","","","","","","","","","","MINING","","Coal mining","","https://raw.githubusercontent.com/prateekagr21/COAL-Analysis-and-Prediction/main/Coal%20Mines%20Dataset%20india.csv","86.2229","23.782","","","","","","","","","","Mixed","","","BCCL","","","","Jharkhand","","","","","","",""
"115","","","","","POINT","MINE","NEW AKASH KINAREE COLLY (NAKC)","","","","","","Jharkhand","","","","","","","","","","","","","MINING","","Coal mining","","https://raw.githubusercontent.com/prateekagr21/COAL-Analysis-and-Prediction/main/Coal%20Mines%20Dataset%20india.csv","86.2843","23.8079","","","","","","","","","","Mixed","","","BCCL","","","","Jharkhand","","","","","","",""
"116","","","","","POINT","MINE","AMALGAMATED KESHALPUR WEST MUDIDIH COLLIERY (AKWMC)","","","","","","Jharkhand","","","","","","","","","","","","","MINING","","Coal mining","","https://raw.githubusercontent.com/prateekagr21/COAL-Analysis-and-Prediction/main/Coal%20Mines%20Dataset%20india.csv","86.3221","23.8078","","","","","","","","","","Mixed","","","BCCL","","","","Jharkhand","","","","","","",""
"117","","","","","POINT","MINE","TETULMARI","","","","","","Jharkhand","","","","","","","","","","","","","MINING","","Coal mining","","https://raw.githubusercontent.com/prateekagr21/COAL-Analysis-and-Prediction/main/Coal%20Mines%20Dataset%20india.csv","86.345","23.8034","","","","","","","","","","Mixed","","","BCCL","","","","Jharkhand","","","","","","",""
"118","","","","","POINT","MINE","NEW GODHUR. KUSUNDA COLLIERY","","","","","","Jharkhand","","","","","","","","","","","","","MINING","","Coal mining","","https://raw.githubusercontent.com/prateekagr21/COAL-Analysis-and-Prediction/main/Coal%20Mines%20Dataset%20india.csv","86.39191249","23.7885552","","","","","","","","","","Mixed","","","BCCL","","","","Jharkhand","","","","","","",""
"119","","","","","POINT","MINE","GONDUDIH KHAS KUSUNDU COLLY","","","","","","Jharkhand","","","","","","","","","","","","","MINING","","Coal mining","","https://raw.githubusercontent.com/prateekagr21/COAL-Analysis-and-Prediction/main/Coal%20Mines%20Dataset%20india.csv","86.3773","23.804","","","","","","","","","","Mixed","","","BCCL","","","","Jharkhand","","","","","","",""
"120","","","","","POINT","MINE","GOPALICHUCK","","","","","","Jharkhand","","","","","","","","","","","","","MINING","","Coal mining","","https://raw.githubusercontent.com/prateekagr21/COAL-Analysis-and-Prediction/main/Coal%20Mines%20Dataset%20india.csv","86.36436018","23.75483766","","","","","","","","","","Mixed","","","BCCL","","","","Jharkhand","","","","","","",""
"121","","","","","POINT","MINE","KUYA /KOCP","","","","","","Jharkhand","","","","","","","","","","","","","MINING","","Coal mining","","https://raw.githubusercontent.com/prateekagr21/COAL-Analysis-and-Prediction/main/Coal%20Mines%20Dataset%20india.csv","86.4498","23.7363","","","","","","","","","","Mixed","","","BCCL","","","","Jharkhand","","","","","","",""
"122","","","","","POINT","MINE","BHOWRA(SOUTH) COLLIERY","","","","","","Jharkhand","","","","","","","","","","","","","MINING","","Coal mining","","https://raw.githubusercontent.com/prateekagr21/COAL-Analysis-and-Prediction/main/Coal%20Mines%20Dataset%20india.csv","86.4007","23.6821","","","","","","","","","","Mixed","","","BCCL","","","","Jharkhand","","","","","","",""
"123","","","","","POINT","MINE","Jharia Division","","","","","","Jharkhand","","","","","","","","","","","","","MINING","","Coal mining","","https://raw.githubusercontent.com/prateekagr21/COAL-Analysis-and-Prediction/main/Coal%20Mines%20Dataset%20india.csv","86.4002","23.7079","","","","","","","","","","OC","","","TSL","","","","Jharkhand","","","","","","",""
"124","","","","","POINT","MINE","BHURKUNDA UG","","","","","","Jharkhand","","","","","","","","","","","","","MINING","","Coal mining","","https://raw.githubusercontent.com/prateekagr21/COAL-Analysis-and-Prediction/main/Coal%20Mines%20Dataset%20india.csv","85.3598","23.6523","","","","","","","","","","UG","","","CCL","","","","Jharkhand","","","","","","",""
"125","","","","","POINT","MINE","BHURKUNDA OC","","","","","","Jharkhand","","","","","","","","","","","","","MINING","","Coal mining","","https://raw.githubusercontent.com/prateekagr21/COAL-Analysis-and-Prediction/main/Coal%20Mines%20Dataset%20india.csv","85.3653","23.6572","","","","","","","","","","OC","","","CCL","","","","Jharkhand","","","","","","",""
"126","","","","","POINT","MINE","SAUNDA","","","","","","Jharkhand","","","","","","","","","","","","","MINING","","Coal mining","","https://raw.githubusercontent.com/prateekagr21/COAL-Analysis-and-Prediction/main/Coal%20Mines%20Dataset%20india.csv","85.3347","23.6625","","","","","","","","","","UG","","","CCL","","","","Jharkhand","","","","","","",""
"127","","","","","POINT","MINE","C. SAUNDA","","","","","","Jharkhand","","","","","","","","","","","","","MINING","","Coal mining","","https://raw.githubusercontent.com/prateekagr21/COAL-Analysis-and-Prediction/main/Coal%20Mines%20Dataset%20india.csv","85.3472","23.6716","","","","","","","","","","UG","","","CCL","","","","Jharkhand","","","","","","",""
"128","","","","","POINT","MINE","SIRKA","","","","","","Jharkhand","","","","","","","","","","","","","MINING","","Coal mining","","https://raw.githubusercontent.com/prateekagr21/COAL-Analysis-and-Prediction/main/Coal%20Mines%20Dataset%20india.csv","85.5833","23.7507","","","","","","","","","","OC","","","CCL","","","","Jharkhand","","","","","","",""
"129","","","","","POINT","MINE","SARUBERA/CHAINPUR","","","","","","Jharkhand","","","","","","","","","","","","","MINING","","Coal mining","","https://raw.githubusercontent.com/prateekagr21/COAL-Analysis-and-Prediction/main/Coal%20Mines%20Dataset%20india.csv","85.5518","23.71","","","","","","","","","","OC","","","CCL","","","","Jharkhand","","","","","","",""
"130","","","","","POINT","MINE","ARA","","","","","","Jharkhand","","","","","","","","","","","","","MINING","","Coal mining","","https://raw.githubusercontent.com/prateekagr21/COAL-Analysis-and-Prediction/main/Coal%20Mines%20Dataset%20india.csv","85.5555","23.7414","","","","","","","","","","OC","","","CCL","","","","Jharkhand","","","","","","",""
"131","","","","","POINT","MINE","KARMA","","","","","","Jharkhand","","","","","","","","","","","","","MINING","","Coal mining","","https://raw.githubusercontent.com/prateekagr21/COAL-Analysis-and-Prediction/main/Coal%20Mines%20Dataset%20india.csv","85.5659","23.6505","","","","","","","","","","OC","","","CCL","","","","Jharkhand","","","","","","",""
"132","","","","","POINT","MINE","PUNDI","","","","","","Jharkhand","","","","","","","","","","","","","MINING","","Coal mining","","https://raw.githubusercontent.com/prateekagr21/COAL-Analysis-and-Prediction/main/Coal%20Mines%20Dataset%20india.csv","85.5218","23.8236","","","","","","","","","","OC","","","CCL","","","","Jharkhand","","","","","","",""
"133","","","","","POINT","MINE","KUJU","","","","","","Jharkhand","","","","","","","","","","","","","MINING","","Coal mining","","https://raw.githubusercontent.com/prateekagr21/COAL-Analysis-and-Prediction/main/Coal%20Mines%20Dataset%20india.csv","85.5094","23.7474","","","","","","","","","","OC","","","CCL","","","","Jharkhand","","","","","","",""
"134","","","","","POINT","MINE","TOPA","","","","","","Jharkhand","","","","","","","","","","","","","MINING","","Coal mining","","https://raw.githubusercontent.com/prateekagr21/COAL-Analysis-and-Prediction/main/Coal%20Mines%20Dataset%20india.csv","85.4807","23.7379","","","","","","","","","","OC","","","CCL","","","","Jharkhand","","","","","","",""
"135","","","","","POINT","MINE","HESAGARA","","","","","","Jharkhand","","","","","","","","","","","","","MINING","","Coal mining","","https://raw.githubusercontent.com/prateekagr21/COAL-Analysis-and-Prediction/main/Coal%20Mines%20Dataset%20india.csv","85.505","23.7602","","","","","","","","","","OC","","","CCL","","","","Jharkhand","","","","","","",""
"136","","","","","POINT","MINE","KEDLA UG","","","","","","Jharkhand","","","","","","","","","","","","","MINING","","Coal mining","","https://raw.githubusercontent.com/prateekagr21/COAL-Analysis-and-Prediction/main/Coal%20Mines%20Dataset%20india.csv","85.5951","23.803","","","","","","","","","","UG","","","CCL","","","","Jharkhand","","","","","","",""
"137","","","","","POINT","MINE","LAIYO","","","","","","Jharkhand","","","","","","","","","","","","","MINING","","Coal mining","","https://raw.githubusercontent.com/prateekagr21/COAL-Analysis-and-Prediction/main/Coal%20Mines%20Dataset%20india.csv","85.6253","23.7903","","","","","","","","","","UG","","","CCL","","","","Jharkhand","","","","","","",""
"138","","","","","POINT","MINE","KEDLA OC","","","","","","Jharkhand","","","","","","","","","","","","","MINING","","Coal mining","","https://raw.githubusercontent.com/prateekagr21/COAL-Analysis-and-Prediction/main/Coal%20Mines%20Dataset%20india.csv","85.5792","23.7983","","","","","","","","","","OC","","","CCL","","","","Jharkhand","","","","","","",""
"139","","","","","POINT","MINE","PAREJ EAST","","","","","","Jharkhand","","","","","","","","","","","","","MINING","","Coal mining","","https://raw.githubusercontent.com/prateekagr21/COAL-Analysis-and-Prediction/main/Coal%20Mines%20Dataset%20india.csv","85.5389","23.7389","","","","","","","","","","OC","","","CCL","","","","Jharkhand","","","","","","",""
"140","","","","","POINT","MINE","JHARKHAND","","","","","","Jharkhand","","","","","","","","","","","","","MINING","","Coal mining","","https://raw.githubusercontent.com/prateekagr21/COAL-Analysis-and-Prediction/main/Coal%20Mines%20Dataset%20india.csv","85.60716063","23.79961296","","","","","","","","","","OC","","","CCL","","","","Jharkhand","","","","","","",""
"141","","","","","POINT","MINE","RAJRAPPA","","","","","","Jharkhand","","","","","","","","","","","","","MINING","","Coal mining","","https://raw.githubusercontent.com/prateekagr21/COAL-Analysis-and-Prediction/main/Coal%20Mines%20Dataset%20india.csv","85.6878","23.621","","","","","","","","","","OC","","","CCL","","","","Jharkhand","","","","","","",""
"142","","","","","POINT","MINE","West Bokaro (CAPTIVE)","","","","","","Jharkhand","","","","","","","","","","","","","MINING","","Coal mining","","https://raw.githubusercontent.com/prateekagr21/COAL-Analysis-and-Prediction/main/Coal%20Mines%20Dataset%20india.csv","85.55423096","23.7927473","","","","","","","","","","OC","","","TSL","","","","Jharkhand","","","","","","",""
"143","","","","","POINT","MINE","URIMARI","","","","","","Jharkhand","","","","","","","","","","","","","MINING","","Coal mining","","https://raw.githubusercontent.com/prateekagr21/COAL-Analysis-and-Prediction/main/Coal%20Mines%20Dataset%20india.csv","85.3108","23.6939","","","","","","","","","","UG","","","CCL","","","","Jharkhand","","","","","","",""
"144","","","","","POINT","MINE","URIMARI","","","","","","Jharkhand","","","","","","","","","","","","","MINING","","Coal mining","","https://raw.githubusercontent.com/prateekagr21/COAL-Analysis-and-Prediction/main/Coal%20Mines%20Dataset%20india.csv","85.3132","23.6931","","","","","","","","","","OC","","","CCL","","","","Jharkhand","","","","","","",""
"145","","","","","POINT","MINE","N. URIMARI(BIRSA)","","","","","","Jharkhand","","","","","","","","","","","","","MINING","","Coal mining","","https://raw.githubusercontent.com/prateekagr21/COAL-Analysis-and-Prediction/main/Coal%20Mines%20Dataset%20india.csv","85.2975","23.6994","","","","","","","","","","OC","","","CCL","","","","Jharkhand","","","","","","",""
"146","","","","","POINT","MINE","GIDI 'A'","","","","","","Jharkhand","","","","","","","","","","","","","MINING","","Coal mining","","https://raw.githubusercontent.com/prateekagr21/COAL-Analysis-and-Prediction/main/Coal%20Mines%20Dataset%20india.csv","85.3583","23.6833","","","","","","","","","","OC","","","CCL","","","","Jharkhand","","","","","","",""
"147","","","","","POINT","MINE","GIDI 'C'","","","","","","Jharkhand","","","","","","","","","","","","","MINING","","Coal mining","","https://raw.githubusercontent.com/prateekagr21/COAL-Analysis-and-Prediction/main/Coal%20Mines%20Dataset%20india.csv","85.3958","23.6967","","","","","","","","","","OC","","","CCL","","","","Jharkhand","","","","","","",""
"148","","","","","POINT","MINE","RELIGARA","","","","","","Jharkhand","","","","","","","","","","","","","MINING","","Coal mining","","https://raw.githubusercontent.com/prateekagr21/COAL-Analysis-and-Prediction/main/Coal%20Mines%20Dataset%20india.csv","85.5569","23.8617","","","","","","","","","","OC","","","CCL","","","","Jharkhand","","","","","","",""
"149","","","","","POINT","MINE","TAPIN","","","","","","Jharkhand","","","","","","","","","","","","","MINING","","Coal mining","","https://raw.githubusercontent.com/prateekagr21/COAL-Analysis-and-Prediction/main/Coal%20Mines%20Dataset%20india.csv","85.5028","23.8306","","","","","","","","","","OC","","","CCL","","","","Jharkhand","","","","","","",""
"150","","","","","POINT","MINE","TAPIN SOUTH","","","","","","Jharkhand","","","","","","","","","","","","","MINING","","Coal mining","","https://raw.githubusercontent.com/prateekagr21/COAL-Analysis-and-Prediction/main/Coal%20Mines%20Dataset%20india.csv","85.4729","23.8329","","","","","","","","","","OC","","","CCL","","","","Jharkhand","","","","","","",""
"151","","","","","POINT","MINE","Pakri Barwadih Coal Mine Project (CAPTIVE)","","","","","","Jharkhand","","","","","","","","","","","","","MINING","","Coal mining","","https://raw.githubusercontent.com/prateekagr21/COAL-Analysis-and-Prediction/main/Coal%20Mines%20Dataset%20india.csv","85.1708","23.915","","","","","","","","","","OC","","","NTPC","","","","Jharkhand","","","","","","",""
"152","","","","","POINT","MINE","Dumri Coal mine (CAPTIVE)","","","","","","Jharkhand","","","","","","","","","","","","","MINING","","Coal mining","","https://raw.githubusercontent.com/prateekagr21/COAL-Analysis-and-Prediction/main/Coal%20Mines%20Dataset%20india.csv","85.0815","23.9049","","","","","","","","","","OC","","","HIL","","","","Jharkhand","","","","","","",""
"153","","","","","POINT","MINE","Bermo coal mine (CAPTIVE)","","","","","","Jharkhand","","","","","","","","","","","","","MINING","","Coal mining","","https://raw.githubusercontent.com/prateekagr21/COAL-Analysis-and-Prediction/main/Coal%20Mines%20Dataset%20india.csv","85.9634","23.7843","","","","","","","","","","OC","","","DVC","","","","Jharkhand","","","","","","",""
"154","","","","","POINT","MINE","GOVINDPUR","","","","","","Jharkhand","","","","","","","","","","","","","MINING","","Coal mining","","https://raw.githubusercontent.com/prateekagr21/COAL-Analysis-and-Prediction/main/Coal%20Mines%20Dataset%20india.csv","85.87116633","23.80210466","","","","","","","","","","UG","","","CCL","","","","Jharkhand","","","","","","",""
"155","","","","","POINT","MINE","KARO SPL","","","","","","Jharkhand","","","","","","","","","","","","","MINING","","Coal mining","","https://raw.githubusercontent.com/prateekagr21/COAL-Analysis-and-Prediction/main/Coal%20Mines%20Dataset%20india.csv","85.5838","23.471","","","","","","","","","","UG","","","CCL","","","","Jharkhand","","","","","","",""
"156","","","","","POINT","MINE","DHORI KHAS","","","","","","Jharkhand","","","","","","","","","","","","","MINING","","Coal mining","","https://raw.githubusercontent.com/prateekagr21/COAL-Analysis-and-Prediction/main/Coal%20Mines%20Dataset%20india.csv","86.0144","23.774","","","","","","","","","","UG","","","CCL","","","","Jharkhand","","","","","","",""
"157","","","","","POINT","MINE","KATHARA","","","","","","Jharkhand","","","","","","","","","","","","","MINING","","Coal mining","","https://raw.githubusercontent.com/prateekagr21/COAL-Analysis-and-Prediction/main/Coal%20Mines%20Dataset%20india.csv","85.865","23.764","","","","","","","","","","OC","","","CCL","","","","Jharkhand","","","","","","",""
"158","","","","","POINT","MINE","JARANGDIH","","","","","","Jharkhand","","","","","","","","","","","","","MINING","","Coal mining","","https://raw.githubusercontent.com/prateekagr21/COAL-Analysis-and-Prediction/main/Coal%20Mines%20Dataset%20india.csv","86.4122","23.795","","","","","","","","","","OC","","","CCL","","","","Jharkhand","","","","","","",""
"159","","","","","POINT","MINE","GOVINDPUR PH.II","","","","","","Jharkhand","","","","","","","","","","","","","MINING","","Coal mining","","https://raw.githubusercontent.com/prateekagr21/COAL-Analysis-and-Prediction/main/Coal%20Mines%20Dataset%20india.csv","85.8694","23.8056","","","","","","","","","","OC","","","CCL","","","","Jharkhand","","","","","","",""
"160","","","","","POINT","MINE","BOKARO","","","","","","Jharkhand","","","","","","","","","","","","","MINING","","Coal mining","","https://raw.githubusercontent.com/prateekagr21/COAL-Analysis-and-Prediction/main/Coal%20Mines%20Dataset%20india.csv","85.97790654","23.79102905","","","","","","","","","","OC","","","CCL","","","","Jharkhand","","","","","","",""
"161","","","","","POINT","MINE","KARO - I","","","","","","Jharkhand","","","","","","","","","","","","","MINING","","Coal mining","","https://raw.githubusercontent.com/prateekagr21/COAL-Analysis-and-Prediction/main/Coal%20Mines%20Dataset%20india.csv","85.5727","23.4702","","","","","","","","","","OC","","","CCL","","","","Jharkhand","","","","","","",""
"162","","","","","POINT","MINE","KARGALI","","","","","","Jharkhand","","","","","","","","","","","","","MINING","","Coal mining","","https://raw.githubusercontent.com/prateekagr21/COAL-Analysis-and-Prediction/main/Coal%20Mines%20Dataset%20india.csv","85.9904","23.7699","","","","","","","","","","OC","","","CCL","","","","Jharkhand","","","","","","",""
"163","","","","","POINT","MINE","AKK OCP","","","","","","Jharkhand","","","","","","","","","","","","","MINING","","Coal mining","","https://raw.githubusercontent.com/prateekagr21/COAL-Analysis-and-Prediction/main/Coal%20Mines%20Dataset%20india.csv","85.9198","23.7905","","","","","","","","","","OC","","","CCL","","","","Jharkhand","","","","","","",""
"164","","","","","POINT","MINE","A A D OCM","","","","","","Jharkhand","","","","","","","","","","","","","MINING","","Coal mining","","https://raw.githubusercontent.com/prateekagr21/COAL-Analysis-and-Prediction/main/Coal%20Mines%20Dataset%20india.csv","85.98552098","23.76663448","","","","","","","","","","OC","","","CCL","","","","Jharkhand","","","","","","",""
"165","","","","","POINT","MINE","SEL. DHORI","","","","","","Jharkhand","","","","","","","","","","","","","MINING","","Coal mining","","https://raw.githubusercontent.com/prateekagr21/COAL-Analysis-and-Prediction/main/Coal%20Mines%20Dataset%20india.csv","85.5417","23.775","","","","","","","","","","OC","","","CCL","","","","Jharkhand","","","","","","",""
"166","","","","","POINT","MINE","TARMI","","","","","","Jharkhand","","","","","","","","","","","","","MINING","","Coal mining","","https://raw.githubusercontent.com/prateekagr21/COAL-Analysis-and-Prediction/main/Coal%20Mines%20Dataset%20india.csv","85.5542","23.7681","","","","","","","","","","OC","","","CCL","","","","Jharkhand","","","","","","",""
"167","","","","","POINT","MINE","KABRIBAD","","","","","","Jharkhand","","","","","","","","","","","","","MINING","","Coal mining","","https://raw.githubusercontent.com/prateekagr21/COAL-Analysis-and-Prediction/main/Coal%20Mines%20Dataset%20india.csv","86.3006","24.1572","","","","","","","","","","OC","","","CCL","","","","Jharkhand","","","","","","",""
"168","","","","","POINT","MINE","GIRIDIH","","","","","","Jharkhand","","","","","","","","","","","","","MINING","","Coal mining","","https://raw.githubusercontent.com/prateekagr21/COAL-Analysis-and-Prediction/main/Coal%20Mines%20Dataset%20india.csv","86.2996","24.1914","","","","","","","","","","OC","","","CCL","","","","Jharkhand","","","","","","",""
"169","","","","","POINT","MINE","CHURI","","","","","","Jharkhand","","","","","","","","","","","","","MINING","","Coal mining","","https://raw.githubusercontent.com/prateekagr21/COAL-Analysis-and-Prediction/main/Coal%20Mines%20Dataset%20india.csv","85.0456","23.6786","","","","","","","","","","UG","","","CCL","","","","Jharkhand","","","","","","",""
"170","","","","","POINT","MINE","DAKRA","","","","","","Jharkhand","","","","","","","","","","","","","MINING","","Coal mining","","https://raw.githubusercontent.com/prateekagr21/COAL-Analysis-and-Prediction/main/Coal%20Mines%20Dataset%20india.csv","85.0166","23.6582","","","","","","","","","","OC","","","CCL","","","","Jharkhand","","","","","","",""
"171","","","","","POINT","MINE","KDH","","","","","","Jharkhand","","","","","","","","","","","","","MINING","","Coal mining","","https://raw.githubusercontent.com/prateekagr21/COAL-Analysis-and-Prediction/main/Coal%20Mines%20Dataset%20india.csv","84.9971","23.6779","","","","","","","","","","OC","","","CCL","","","","Jharkhand","","","","","","",""
"172","","","","","POINT","MINE","ROHINI","","","","","","Jharkhand","","","","","","","","","","","","","MINING","","Coal mining","","https://raw.githubusercontent.com/prateekagr21/COAL-Analysis-and-Prediction/main/Coal%20Mines%20Dataset%20india.csv","84.9903","23.6917","","","","","","","","","","OC","","","CCL","","","","Jharkhand","","","","","","",""
"173","","","","","POINT","MINE","PURNADIH","","","","","","Jharkhand","","","","","","","","","","","","","MINING","","Coal mining","","https://raw.githubusercontent.com/prateekagr21/COAL-Analysis-and-Prediction/main/Coal%20Mines%20Dataset%20india.csv","84.9861","23.7083","","","","","","","","","","OC","","","CCL","","","","Jharkhand","","","","","","",""
"174","","","","","POINT","MINE","PIPARWAR","","","","","","Jharkhand","","","","","","","","","","","","","MINING","","Coal mining","","https://raw.githubusercontent.com/prateekagr21/COAL-Analysis-and-Prediction/main/Coal%20Mines%20Dataset%20india.csv","85.0485","23.7225","","","","","","","","","","OC","","","CCL","","","","Jharkhand","","","","","","",""
"175","","","","","POINT","MINE","ASHOKA","","","","","","Jharkhand","","","","","","","","","","","","","MINING","","Coal mining","","https://raw.githubusercontent.com/prateekagr21/COAL-Analysis-and-Prediction/main/Coal%20Mines%20Dataset%20india.csv","84.9932","23.7297","","","","","","","","","","OC","","","CCL","","","","Jharkhand","","","","","","",""
"176","","","","","POINT","MINE","AMRAPALI","","","","","","Jharkhand","","","","","","","","","","","","","MINING","","Coal mining","","https://raw.githubusercontent.com/prateekagr21/COAL-Analysis-and-Prediction/main/Coal%20Mines%20Dataset%20india.csv","85.0183","23.8763","","","","","","","","","","OC","","","CCL","","","","Jharkhand","","","","","","",""
"177","","","","","POINT","MINE","MAGADH","","","","","","Jharkhand","","","","","","","","","","","","","MINING","","Coal mining","","https://raw.githubusercontent.com/prateekagr21/COAL-Analysis-and-Prediction/main/Coal%20Mines%20Dataset%20india.csv","84.98830319","23.8413092","","","","","","","","","","OC","","","CCL","","","","Jharkhand","","","","","","",""
"178","","","","","POINT","MINE","TETARIA KHAR","","","","","","Jharkhand","","","","","","","","","","","","","MINING","","Coal mining","","https://raw.githubusercontent.com/prateekagr21/COAL-Analysis-and-Prediction/main/Coal%20Mines%20Dataset%20india.csv","84.8458","23.809","","","","","","","","","","OC","","","CCL","","","","Jharkhand","","","","","","",""
"179","","","","","POINT","MINE","Sikni Coal Project (CAPTIVE)","","","","","","Jharkhand","","","","","","","","","","","","","MINING","","Coal mining","","https://raw.githubusercontent.com/prateekagr21/COAL-Analysis-and-Prediction/main/Coal%20Mines%20Dataset%20india.csv","84.6125","23.7231","","","","","","","","","","OC","","","JSMDCL","","","","Jharkhand","","","","","","",""
"180","","","","","POINT","MINE","Kathautia Open Cast Mine (CAPTIVE)","","","","","","Jharkhand","","","","","","","","","","","","","MINING","","Coal mining","","https://raw.githubusercontent.com/prateekagr21/COAL-Analysis-and-Prediction/main/Coal%20Mines%20Dataset%20india.csv","84.0881","24.1325","","","","","","","","","","OC","","","HIL","","","","Jharkhand","","","","","","",""
"181","","","","","POINT","MINE","RAJHARA","","","","","","Jharkhand","","","","","","","","","","","","","MINING","","Coal mining","","https://raw.githubusercontent.com/prateekagr21/COAL-Analysis-and-Prediction/main/Coal%20Mines%20Dataset%20india.csv","84.0465","24.1642","","","","","","","","","","OC","","","CCL","","","","Jharkhand","","","","","","",""
"182","","","","","POINT","MINE","Panchwara North (CAPTIVE)","","","","","","Jharkhand","","","","","","","","","","","","","MINING","","Coal mining","","https://raw.githubusercontent.com/prateekagr21/COAL-Analysis-and-Prediction/main/Coal%20Mines%20Dataset%20india.csv","87.4682","24.4764","","","","","","","","","","OC","","","WBPDCL","","","","Jharkhand","","","","","","",""
"183","","","","","POINT","MINE","SIIVLONG OCP","","","","","","Jharkhand","","","","","","","","","","","","","MINING","","Coal mining","","https://raw.githubusercontent.com/prateekagr21/COAL-Analysis-and-Prediction/main/Coal%20Mines%20Dataset%20india.csv","87.44166667","24.7425","","","","","","","","","","OC","","","ECL","","","","Jharkhand","","","","","","",""
"184","","","","","POINT","MINE","DUDHICHUA","","","","","","Uttar Pradesh","","","","","","","","","","","","","MINING","","Coal mining","","https://raw.githubusercontent.com/prateekagr21/COAL-Analysis-and-Prediction/main/Coal%20Mines%20Dataset%20india.csv","82.6929","24.1515","","","","","","","","","","OC","","","NCL","","","","Uttar Pradesh","","","","","","",""
"185","","","","","POINT","MINE","BINA","","","","","","Uttar Pradesh","","","","","","","","","","","","","MINING","","Coal mining","","https://raw.githubusercontent.com/prateekagr21/COAL-Analysis-and-Prediction/main/Coal%20Mines%20Dataset%20india.csv","82.7493","24.17389","","","","","","","","","","OC","","","NCL","","","","Uttar Pradesh","","","","","","",""
"186","","","","","POINT","MINE","KAKARI","","","","","","Uttar Pradesh","","","","","","","","","","","","","MINING","","Coal mining","","https://raw.githubusercontent.com/prateekagr21/COAL-Analysis-and-Prediction/main/Coal%20Mines%20Dataset%20india.csv","82.7562","24.1709","","","","","","","","","","OC","","","NCL","","","","Uttar Pradesh","","","","","","",""
"187","","","","","POINT","MINE","KHADIA","","","","","","Uttar Pradesh","","","","","","","","","","","","","MINING","","Coal mining","","https://raw.githubusercontent.com/prateekagr21/COAL-Analysis-and-Prediction/main/Coal%20Mines%20Dataset%20india.csv","82.7204","24.1351","","","","","","","","","","OC","","","NCL","","","","Uttar Pradesh","","","","","","",""
"188","","","","","POINT","MINE","KRISHNASHILA","","","","","","Uttar Pradesh","","","","","","","","","","","","","MINING","","Coal mining","","https://raw.githubusercontent.com/prateekagr21/COAL-Analysis-and-Prediction/main/Coal%20Mines%20Dataset%20india.csv","82.7625","24.1287","","","","","","","","","","OC","","","NCL","","","","Uttar Pradesh","","","","","","",""
"189","","","","","POINT","MINE","NANDGAON INCL","","","","","","Maharashtra","","","","","","","","","","","","","MINING","","Coal mining","","https://raw.githubusercontent.com/prateekagr21/COAL-Analysis-and-Prediction/main/Coal%20Mines%20Dataset%20india.csv","79.3111","19.906","","","","","","","","","","UG","","","WCL","","","","Maharashtra","","","","","","",""
"190","","","","","POINT","MINE","MAHAKALI","","","","","","Maharashtra","","","","","","","","","","","","","MINING","","Coal mining","","https://raw.githubusercontent.com/prateekagr21/COAL-Analysis-and-Prediction/main/Coal%20Mines%20Dataset%20india.csv","79.3112","19.9468","","","","","","","","","","UG","","","WCL","","","","Maharashtra","","","","","","",""
"191","","","","","POINT","MINE","D. RAYATWARI","","","","","","Maharashtra","","","","","","","","","","","","","MINING","","Coal mining","","https://raw.githubusercontent.com/prateekagr21/COAL-Analysis-and-Prediction/main/Coal%20Mines%20Dataset%20india.csv","79.3109","19.9598","","","","","","","","","","UG","","","WCL","","","","Maharashtra","","","","","","",""
"192","","","","","POINT","MINE","MANNA INCLINE","","","","","","Maharashtra","","","","","","","","","","","","","MINING","","Coal mining","","https://raw.githubusercontent.com/prateekagr21/COAL-Analysis-and-Prediction/main/Coal%20Mines%20Dataset%20india.csv","79.3019","19.9132","","","","","","","","","","UG","","","WCL","","","","Maharashtra","","","","","","",""
"193","","","","","POINT","MINE","HLC NO,1","","","","","","Maharashtra","","","","","","","","","","","","","MINING","","Coal mining","","https://raw.githubusercontent.com/prateekagr21/COAL-Analysis-and-Prediction/main/Coal%20Mines%20Dataset%20india.csv","79.3157","19.9129","","","","","","","","","","UG","","","WCL","","","","Maharashtra","","","","","","",""
"194","","","","","POINT","MINE","DURGAPUR","","","","","","Maharashtra","","","","","","","","","","","","","MINING","","Coal mining","","https://raw.githubusercontent.com/prateekagr21/COAL-Analysis-and-Prediction/main/Coal%20Mines%20Dataset%20india.csv","79.2989","20.0081","","","","","","","","","","OC","","","WCL","","","","Maharashtra","","","","","","",""
"195","","","","","POINT","MINE","PADMAPUR DEEP","","","","","","Maharashtra","","","","","","","","","","","","","MINING","","Coal mining","","https://raw.githubusercontent.com/prateekagr21/COAL-Analysis-and-Prediction/main/Coal%20Mines%20Dataset%20india.csv","79.3417","20.5","","","","","","","","","","OC","","","WCL","","","","Maharashtra","","","","","","",""
"196","","","","","POINT","MINE","BHATADI EXPANSION","","","","","","Maharashtra","","","","","","","","","","","","","MINING","","Coal mining","","https://raw.githubusercontent.com/prateekagr21/COAL-Analysis-and-Prediction/main/Coal%20Mines%20Dataset%20india.csv","79.2507","20.0708","","","","","","","","","","OC","","","WCL","","","","Maharashtra","","","","","","",""
"197","","","","","POINT","MINE","HINDUSTAN LALPETH","","","","","","Maharashtra","","","","","","","","","","","","","MINING","","Coal mining","","https://raw.githubusercontent.com/prateekagr21/COAL-Analysis-and-Prediction/main/Coal%20Mines%20Dataset%20india.csv","79.3119","19.9278","","","","","","","","","","OC","","","WCL","","","","Maharashtra","","","","","","",""
"198","","","","","POINT","MINE","BALLARPUR UG","","","","","","Maharashtra","","","","","","","","","","","","","MINING","","Coal mining","","https://raw.githubusercontent.com/prateekagr21/COAL-Analysis-and-Prediction/main/Coal%20Mines%20Dataset%20india.csv","79.3472","19.8417","","","","","","","","","","UG","","","WCL","","","","Maharashtra","","","","","","",""
"199","","","","","POINT","MINE","SASTI UG","","","","","","Maharashtra","","","","","","","","","","","","","MINING","","Coal mining","","https://raw.githubusercontent.com/prateekagr21/COAL-Analysis-and-Prediction/main/Coal%20Mines%20Dataset%20india.csv","79.31699585","19.81455976","","","","","","","","","","UG","","","WCL","","","","Maharashtra","","","","","","",""
"200","","","","","POINT","MINE","BALLARPUR OC","","","","","","Maharashtra","","","","","","","","","","","","","MINING","","Coal mining","","https://raw.githubusercontent.com/prateekagr21/COAL-Analysis-and-Prediction/main/Coal%20Mines%20Dataset%20india.csv","79.3452","19.8336","","","","","","","","","","OC","","","WCL","","","","Maharashtra","","","","","","",""
"201","","","","","POINT","MINE","SASTI OC","","","","","","Maharashtra","","","","","","","","","","","","","MINING","","Coal mining","","https://raw.githubusercontent.com/prateekagr21/COAL-Analysis-and-Prediction/main/Coal%20Mines%20Dataset%20india.csv","79.3167","19.8125","","","","","","","","","","OC","","","WCL","","","","Maharashtra","","","","","","",""
"202","","","","","POINT","MINE","GOURI EXPANSION","","","","","","Maharashtra","","","","","","","","","","","","","MINING","","Coal mining","","https://raw.githubusercontent.com/prateekagr21/COAL-Analysis-and-Prediction/main/Coal%20Mines%20Dataset%20india.csv","79.2972","19.7874","","","","","","","","","","OC","","","WCL","","","","Maharashtra","","","","","","",""
"203","","","","","POINT","MINE","GOURI DEEP","","","","","","Maharashtra","","","","","","","","","","","","","MINING","","Coal mining","","https://raw.githubusercontent.com/prateekagr21/COAL-Analysis-and-Prediction/main/Coal%20Mines%20Dataset%20india.csv","79.2902","19.7741","","","","","","","","","","OC","","","WCL","","","","Maharashtra","","","","","","",""
"204","","","","","POINT","MINE","PAONI","","","","","","Maharashtra","","","","","","","","","","","","","MINING","","Coal mining","","https://raw.githubusercontent.com/prateekagr21/COAL-Analysis-and-Prediction/main/Coal%20Mines%20Dataset%20india.csv","79.35826405","19.78217481","","","","","","","","","","OC","","","WCL","","","","Maharashtra","","","","","","",""
"205","","","","","POINT","MINE","PAONI-Il","","","","","","Maharashtra","","","","","","","","","","","","","MINING","","Coal mining","","https://raw.githubusercontent.com/prateekagr21/COAL-Analysis-and-Prediction/main/Coal%20Mines%20Dataset%20india.csv","79.36826405","19.79217481","","","","","","","","","","OC","","","WCL","","","","Maharashtra","","","","","","",""
"206","","","","","POINT","MINE","NEW MAJRI - II (A) EXPN","","","","","","Maharashtra","","","","","","","","","","","","","MINING","","Coal mining","","https://raw.githubusercontent.com/prateekagr21/COAL-Analysis-and-Prediction/main/Coal%20Mines%20Dataset%20india.csv","79.0347","20.1157","","","","","","","","","","OC","","","WCL","","","","Maharashtra","","","","","","",""
"207","","","","","POINT","MINE","TELWASA","","","","","","Maharashtra","","","","","","","","","","","","","MINING","","Coal mining","","https://raw.githubusercontent.com/prateekagr21/COAL-Analysis-and-Prediction/main/Coal%20Mines%20Dataset%20india.csv","79.0817","20.0469","","","","","","","","","","OC","","","WCL","","","","Maharashtra","","","","","","",""
"208","","","","","POINT","MINE","AMALG, YEKONA I& II","","","","","","Maharashtra","","","","","","","","","","","","","MINING","","Coal mining","","https://raw.githubusercontent.com/prateekagr21/COAL-Analysis-and-Prediction/main/Coal%20Mines%20Dataset%20india.csv","78.9458","20.2489","","","","","","","","","","OC","","","WCL","","","","Maharashtra","","","","","","",""
"209","","","","","POINT","MINE","NEW MAJRI UG TO OC","","","","","","Maharashtra","","","","","","","","","","","","","MINING","","Coal mining","","https://raw.githubusercontent.com/prateekagr21/COAL-Analysis-and-Prediction/main/Coal%20Mines%20Dataset%20india.csv","79.0185","20.129","","","","","","","","","","OC","","","WCL","","","","Maharashtra","","","","","","",""
"210","","","","","POINT","MINE","DHURWASA","","","","","","Maharashtra","","","","","","","","","","","","","MINING","","Coal mining","","https://raw.githubusercontent.com/prateekagr21/COAL-Analysis-and-Prediction/main/Coal%20Mines%20Dataset%20india.csv","79.08010711","20.06007034","","","","","","","","","","OC","","","WCL","","","","Maharashtra","","","","","","",""
"211","","","","","POINT","MINE","NAVIN KUNADA (A)","","","","","","Maharashtra","","","","","","","","","","","","","MINING","","Coal mining","","https://raw.githubusercontent.com/prateekagr21/COAL-Analysis-and-Prediction/main/Coal%20Mines%20Dataset%20india.csv","79.0614","20.0871","","","","","","","","","","OC","","","WCL","","","","Maharashtra","","","","","","",""
"212","","","","","POINT","MINE","JUNA KUNADA","","","","","","Maharashtra","","","","","","","","","","","","","MINING","","Coal mining","","https://raw.githubusercontent.com/prateekagr21/COAL-Analysis-and-Prediction/main/Coal%20Mines%20Dataset%20india.csv","79.054","20.0669","","","","","","","","","","OC","","","WCL","","","","Maharashtra","","","","","","",""
"213","","","","","POINT","MINE","PENGANGA","","","","","","Maharashtra","","","","","","","","","","","","","MINING","","Coal mining","","https://raw.githubusercontent.com/prateekagr21/COAL-Analysis-and-Prediction/main/Coal%20Mines%20Dataset%20india.csv","79.245","19.8147","","","","","","","","","","OC","","","WCL","","","","Maharashtra","","","","","","",""
"214","","","","","POINT","MINE","MURPAR","","","","","","Maharashtra","","","","","","","","","","","","","MINING","","Coal mining","","https://raw.githubusercontent.com/prateekagr21/COAL-Analysis-and-Prediction/main/Coal%20Mines%20Dataset%20india.csv","79.2928","20.554","","","","","","","","","","UG","","","WCL","","","","Maharashtra","","","","","","",""
"215","","","","","POINT","MINE","NILJAI DEEP","","","","","","Maharashtra","","","","","","","","","","","","","MINING","","Coal mining","","https://raw.githubusercontent.com/prateekagr21/COAL-Analysis-and-Prediction/main/Coal%20Mines%20Dataset%20india.csv","79.0825","19.9957","","","","","","","","","","OC","","","WCL","","","","Maharashtra","","","","","","",""
"216","","","","","POINT","MINE","BELLORA-NAIGAON DEEP","","","","","","Maharashtra","","","","","","","","","","","","","MINING","","Coal mining","","https://raw.githubusercontent.com/prateekagr21/COAL-Analysis-and-Prediction/main/Coal%20Mines%20Dataset%20india.csv","79.0917","19.9597","","","","","","","","","","OC","","","WCL","","","","Maharashtra","","","","","","",""
"217","","","","","POINT","MINE","MUNGOLI NIRGUDA EXTN, DEEP","","","","","","Maharashtra","","","","","","","","","","","","","MINING","","Coal mining","","https://raw.githubusercontent.com/prateekagr21/COAL-Analysis-and-Prediction/main/Coal%20Mines%20Dataset%20india.csv","79.1081","19.8822","","","","","","","","","","OC","","","WCL","","","","Maharashtra","","","","","","",""
"218","","","","","POINT","MINE","KOLGAON","","","","","","Maharashtra","","","","","","","","","","","","","MINING","","Coal mining","","https://raw.githubusercontent.com/prateekagr21/COAL-Analysis-and-Prediction/main/Coal%20Mines%20Dataset%20india.csv","79.8568","19.1001","","","","","","","","","","OC","","","WCL","","","","Maharashtra","","","","","","",""
"219","","","","","POINT","MINE","RAJUR/BHANDEWADA INC","","","","","","Maharashtra","","","","","","","","","","","","","MINING","","Coal mining","","https://raw.githubusercontent.com/prateekagr21/COAL-Analysis-and-Prediction/main/Coal%20Mines%20Dataset%20india.csv","78.896","20.11356","","","","","","","","","","UG","","","WCL","","","","Maharashtra","","","","","","",""
"220","","","","","POINT","MINE","UKNI DEEP","","","","","","Maharashtra","","","","","","","","","","","","","MINING","","Coal mining","","https://raw.githubusercontent.com/prateekagr21/COAL-Analysis-and-Prediction/main/Coal%20Mines%20Dataset%20india.csv","79.0546","20.0292","","","","","","","","","","OC","","","WCL","","","","Maharashtra","","","","","","",""
"221","","","","","POINT","MINE","KOLARPIMPRI","","","","","","Maharashtra","","","","","","","","","","","","","MINING","","Coal mining","","https://raw.githubusercontent.com/prateekagr21/COAL-Analysis-and-Prediction/main/Coal%20Mines%20Dataset%20india.csv","79.0333","20.0833","","","","","","","","","","OC","","","WCL","","","","Maharashtra","","","","","","",""
"222","","","","","POINT","MINE","GHONSA","","","","","","Maharashtra","","","","","","","","","","","","","MINING","","Coal mining","","https://raw.githubusercontent.com/prateekagr21/COAL-Analysis-and-Prediction/main/Coal%20Mines%20Dataset%20india.csv","78.8326","19.9647","","","","","","","","","","OC","","","WCL","","","","Maharashtra","","","","","","",""
"223","","","","","POINT","MINE","JUNAD","","","","","","Maharashtra","","","","","","","","","","","","","MINING","","Coal mining","","https://raw.githubusercontent.com/prateekagr21/COAL-Analysis-and-Prediction/main/Coal%20Mines%20Dataset%20india.csv","79.0679","20.0438","","","","","","","","","","OC","","","WCL","","","","Maharashtra","","","","","","",""
"224","","","","","POINT","MINE","PIMPALGAON","","","","","","Maharashtra","","","","","","","","","","","","","MINING","","Coal mining","","https://raw.githubusercontent.com/prateekagr21/COAL-Analysis-and-Prediction/main/Coal%20Mines%20Dataset%20india.csv","79.0417","20.0458","","","","","","","","","","OC","","","WCL","","","","Maharashtra","","","","","","",""
"225","","","","","POINT","MINE","Marki Mangli I (CAPTIVE)","","","","","","Maharashtra","","","","","","","","","","","","","MINING","","Coal mining","","https://raw.githubusercontent.com/prateekagr21/COAL-Analysis-and-Prediction/main/Coal%20Mines%20Dataset%20india.csv","78.7861","19.8532","","","","","","","","","","OC","","","TUML","","","","Maharashtra","","","","","","",""
"226","","","","","POINT","MINE","SILEWARA Colliery","","","","","","Maharashtra","","","","","","","","","","","","","MINING","","Coal mining","","https://raw.githubusercontent.com/prateekagr21/COAL-Analysis-and-Prediction/main/Coal%20Mines%20Dataset%20india.csv","79.12341847","21.2990357","","","","","","","","","","OC","","","WCL","","","","Maharashtra","","","","","","",""
"227","","","","","POINT","MINE","PATANSAONGI","","","","","","Maharashtra","","","","","","","","","","","","","MINING","","Coal mining","","https://raw.githubusercontent.com/prateekagr21/COAL-Analysis-and-Prediction/main/Coal%20Mines%20Dataset%20india.csv","79.041","21.3238","","","","","","","","","","OC","","","WCL","","","","Maharashtra","","","","","","",""
"228","","","","","POINT","MINE","SAONER-I","","","","","","Maharashtra","","","","","","","","","","","","","MINING","","Coal mining","","https://raw.githubusercontent.com/prateekagr21/COAL-Analysis-and-Prediction/main/Coal%20Mines%20Dataset%20india.csv","78.9275","21.3663","","","","","","","","","","UG","","","WCL","","","","Maharashtra","","","","","","",""
"229","","","","","POINT","MINE","SAONER.II","","","","","","Maharashtra","","","","","","","","","","","","","MINING","","Coal mining","","https://raw.githubusercontent.com/prateekagr21/COAL-Analysis-and-Prediction/main/Coal%20Mines%20Dataset%20india.csv","78.9087","21.3667","","","","","","","","","","UG","","","WCL","","","","Maharashtra","","","","","","",""
"230","","","","","POINT","MINE","SAONER-III","","","","","","Maharashtra","","","","","","","","","","","","","MINING","","Coal mining","","https://raw.githubusercontent.com/prateekagr21/COAL-Analysis-and-Prediction/main/Coal%20Mines%20Dataset%20india.csv","78.9086","21.3676","","","","","","","","","","UG","","","WCL","","","","Maharashtra","","","","","","",""
"231","","","","","POINT","MINE","WAGHODA","","","","","","Maharashtra","","","","","","","","","","","","","MINING","","Coal mining","","https://raw.githubusercontent.com/prateekagr21/COAL-Analysis-and-Prediction/main/Coal%20Mines%20Dataset%20india.csv","78.9272","21.3694","","","","","","","","","","UG","","","WCL","","","","Maharashtra","","","","","","",""
"232","","","","","POINT","MINE","KAMPTEE DEEP","","","","","","Maharashtra","","","","","","","","","","","","","MINING","","Coal mining","","https://raw.githubusercontent.com/prateekagr21/COAL-Analysis-and-Prediction/main/Coal%20Mines%20Dataset%20india.csv","79.225","21.225","","","","","","","","","","OC","","","WCL","","","","Maharashtra","","","","","","",""
"233","","","","","POINT","MINE","AMALGAMATED GONOEGAON GHATROHANA","","","","","","Maharashtra","","","","","","","","","","","","","MINING","","Coal mining","","https://raw.githubusercontent.com/prateekagr21/COAL-Analysis-and-Prediction/main/Coal%20Mines%20Dataset%20india.csv","79.19242476","21.26629731","","","","","","","","","","OC","","","WCL","","","","Maharashtra","","","","","","",""
"234","","","","","POINT","MINE","INDER UG to OC","","","","","","Maharashtra","","","","","","","","","","","","","MINING","","Coal mining","","https://raw.githubusercontent.com/prateekagr21/COAL-Analysis-and-Prediction/main/Coal%20Mines%20Dataset%20india.csv","79.2192","21.2535","","","","","","","","","","OC","","","WCL","","","","Maharashtra","","","","","","",""
"235","","","","","POINT","MINE","BHANEGAON","","","","","","Maharashtra","","","","","","","","","","","","","MINING","","Coal mining","","https://raw.githubusercontent.com/prateekagr21/COAL-Analysis-and-Prediction/main/Coal%20Mines%20Dataset%20india.csv","79.1574","21.2685","","","","","","","","","","OC","","","WCL","","","","Maharashtra","","","","","","",""
"236","","","","","POINT","MINE","SINGHORI","","","","","","Maharashtra","","","","","","","","","","","","","MINING","","Coal mining","","https://raw.githubusercontent.com/prateekagr21/COAL-Analysis-and-Prediction/main/Coal%20Mines%20Dataset%20india.csv","79.1622","21.2657","","","","","","","","","","OC","","","WCL","","","","Maharashtra","","","","","","",""
"237","","","","","POINT","MINE","ADASA UG TO OC","","","","","","Maharashtra","","","","","","","","","","","","","MINING","","Coal mining","","https://raw.githubusercontent.com/prateekagr21/COAL-Analysis-and-Prediction/main/Coal%20Mines%20Dataset%20india.csv","78.9538","21.3399","","","","","","","","","","OC","","","WCL","","","","Maharashtra","","","","","","",""
"238","","","","","POINT","MINE","UMRER EXPN. (AMB RIVER DIVERSION PHASE - IV)","","","","","","Maharashtra","","","","","","","","","","","","","MINING","","Coal mining","","https://raw.githubusercontent.com/prateekagr21/COAL-Analysis-and-Prediction/main/Coal%20Mines%20Dataset%20india.csv","79.2839","20.8658","","","","","","","","","","OC","","","WCL","","","","Maharashtra","","","","","","",""
"239","","","","","POINT","MINE","MAKARDHOKRA.I","","","","","","Maharashtra","","","","","","","","","","","","","MINING","","Coal mining","","https://raw.githubusercontent.com/prateekagr21/COAL-Analysis-and-Prediction/main/Coal%20Mines%20Dataset%20india.csv","79.2544","20.8565","","","","","","","","","","OC","","","WCL","","","","Maharashtra","","","","","","",""
"240","","","","","POINT","MINE","MAKARDHOKRA-III / DINESH","","","","","","Maharashtra","","","","","","","","","","","","","MINING","","Coal mining","","https://raw.githubusercontent.com/prateekagr21/COAL-Analysis-and-Prediction/main/Coal%20Mines%20Dataset%20india.csv","79.2235","20.8764","","","","","","","","","","OC","","","WCL","","","","Maharashtra","","","","","","",""
"241","","","","","POINT","MINE","GOKUL","","","","","","Maharashtra","","","","","","","","","","","","","MINING","","Coal mining","","https://raw.githubusercontent.com/prateekagr21/COAL-Analysis-and-Prediction/main/Coal%20Mines%20Dataset%20india.csv","79.2972","20.6726","","","","","","","","","","OC","","","WCL","","","","Maharashtra","","","","","","",""
"242","","","","","POINT","MINE","Belgaon (CAPTIVE)","","","","","","Maharashtra","","","","","","","","","","","","","MINING","","Coal mining","","https://raw.githubusercontent.com/prateekagr21/COAL-Analysis-and-Prediction/main/Coal%20Mines%20Dataset%20india.csv","79.337","20.8336","","","","","","","","","","OC","","","SISCL","","","","Maharashtra","","","","","","",""
"243","","","","","POINT","MINE","AMELIA NORTH MINE","","","","","","Madhya Pradesh","","","","","","","","","","","","","MINING","","Coal mining","","https://raw.githubusercontent.com/prateekagr21/COAL-Analysis-and-Prediction/main/Coal%20Mines%20Dataset%20india.csv","82.4264","24.1346","","","","","","","","","","OC","","","JPVL","","","","Madhya Pradesh","","","","","","",""
"244","","","","","POINT","MINE","JHINGURDA","","","","","","Madhya Pradesh","","","","","","","","","","","","","MINING","","Coal mining","","https://raw.githubusercontent.com/prateekagr21/COAL-Analysis-and-Prediction/main/Coal%20Mines%20Dataset%20india.csv","82.72083","24.1917","","","","","","","","","","OC","","","NCL","","","","Madhya Pradesh","","","","","","",""
"245","","","","","POINT","MINE","JAYANT","","","","","","Madhya Pradesh","","","","","","","","","","","","","MINING","","Coal mining","","https://raw.githubusercontent.com/prateekagr21/COAL-Analysis-and-Prediction/main/Coal%20Mines%20Dataset%20india.csv","82.6579","24.151","","","","","","","","","","OC","","","NCL","","","","Madhya Pradesh","","","","","","",""
"246","","","","","POINT","MINE","AMLOHRI","","","","","","Madhya Pradesh","","","","","","","","","","","","","MINING","","Coal mining","","https://raw.githubusercontent.com/prateekagr21/COAL-Analysis-and-Prediction/main/Coal%20Mines%20Dataset%20india.csv","82.5917","24.1417","","","","","","","","","","OC","","","NCL","","","","Madhya Pradesh","","","","","","",""
"247","","","","","POINT","MINE","NIGAHI","","","","","","Madhya Pradesh","","","","","","","","","","","","","MINING","","Coal mining","","https://raw.githubusercontent.com/prateekagr21/COAL-Analysis-and-Prediction/main/Coal%20Mines%20Dataset%20india.csv","82.6322","24.1539","","","","","","","","","","OC","","","NCL","","","","Madhya Pradesh","","","","","","",""
"248","","","","","POINT","MINE","BLOCK - B","","","","","","Madhya Pradesh","","","","","","","","","","","","","MINING","","Coal mining","","https://raw.githubusercontent.com/prateekagr21/COAL-Analysis-and-Prediction/main/Coal%20Mines%20Dataset%20india.csv","82.565","24.1756","","","","","","","","","","OC","","","NCL","","","","Madhya Pradesh","","","","","","",""
"249","","","","","POINT","MINE","Mohar & Moher-Amlori Extension Coal Mine","","","","","","Madhya Pradesh","","","","","","","","","","","","","MINING","","Coal mining","","https://raw.githubusercontent.com/prateekagr21/COAL-Analysis-and-Prediction/main/Coal%20Mines%20Dataset%20india.csv","82.5915","24.1358","","","","","","","","","","OC","","","Sasan Power (Reliance Power Limited)","","","","Madhya Pradesh","","","","","","",""
"250","","","","","POINT","MINE","CHHATARPUR-I","","","","","","Madhya Pradesh","","","","","","","","","","","","","MINING","","Coal mining","","https://raw.githubusercontent.com/prateekagr21/COAL-Analysis-and-Prediction/main/Coal%20Mines%20Dataset%20india.csv","78.1","22.15","","","","","","","","","","UG","","","WCL","","","","Madhya Pradesh","","","","","","",""
"251","","","","","POINT","MINE","CHHATARPUR.II","","","","","","Madhya Pradesh","","","","","","","","","","","","","MINING","","Coal mining","","https://raw.githubusercontent.com/prateekagr21/COAL-Analysis-and-Prediction/main/Coal%20Mines%20Dataset%20india.csv","78.1","22.1417","","","","","","","","","","UG","","","WCL","","","","Madhya Pradesh","","","","","","",""
"252","","","","","POINT","MINE","SHOBHAPUR","","","","","","Madhya Pradesh","","","","","","","","","","","","","MINING","","Coal mining","","https://raw.githubusercontent.com/prateekagr21/COAL-Analysis-and-Prediction/main/Coal%20Mines%20Dataset%20india.csv","78.125","22.15","","","","","","","","","","UG","","","WCL","","","","Madhya Pradesh","","","","","","",""
"253","","","","","POINT","MINE","SARNI","","","","","","Madhya Pradesh","","","","","","","","","","","","","MINING","","Coal mining","","https://raw.githubusercontent.com/prateekagr21/COAL-Analysis-and-Prediction/main/Coal%20Mines%20Dataset%20india.csv","78.15","22.1167","","","","","","","","","","UG","","","WCL","","","","Madhya Pradesh","","","","","","",""
"254","","","","","POINT","MINE","TAWA.I","","","","","","Madhya Pradesh","","","","","","","","","","","","","MINING","","Coal mining","","https://raw.githubusercontent.com/prateekagr21/COAL-Analysis-and-Prediction/main/Coal%20Mines%20Dataset%20india.csv","78.1667","22.1458","","","","","","","","","","UG","","","WCL","","","","Madhya Pradesh","","","","","","",""
"255","","","","","POINT","MINE","TAWA-II","","","","","","Madhya Pradesh","","","","","","","","","","","","","MINING","","Coal mining","","https://raw.githubusercontent.com/prateekagr21/COAL-Analysis-and-Prediction/main/Coal%20Mines%20Dataset%20india.csv","78.1917","22.1542","","","","","","","","","","UG","","","WCL","","","","Madhya Pradesh","","","","","","",""
"256","","","","","POINT","MINE","NEHERIYA","","","","","","Madhya Pradesh","","","","","","","","","","","","","MINING","","Coal mining","","https://raw.githubusercontent.com/prateekagr21/COAL-Analysis-and-Prediction/main/Coal%20Mines%20Dataset%20india.csv","78.9817","22.2451","","","","","","","","","","UG","","","WCL","","","","Madhya Pradesh","","","","","","",""
"257","","","","","POINT","MINE","MATHANI","","","","","","Madhya Pradesh","","","","","","","","","","","","","MINING","","Coal mining","","https://raw.githubusercontent.com/prateekagr21/COAL-Analysis-and-Prediction/main/Coal%20Mines%20Dataset%20india.csv","78.9311","22.2389","","","","","","","","","","UG","","","WCL","","","","Madhya Pradesh","","","","","","",""
"258","","","","","POINT","MINE","JAMUNIA","","","","","","Madhya Pradesh","","","","","","","","","","","","","MINING","","Coal mining","","https://raw.githubusercontent.com/prateekagr21/COAL-Analysis-and-Prediction/main/Coal%20Mines%20Dataset%20india.csv","78.9667","22.2911","","","","","","","","","","UG","","","WCL","","","","Madhya Pradesh","","","","","","",""
"259","","","","","POINT","MINE","VISHNUPURI-II","","","","","","Madhya Pradesh","","","","","","","","","","","","","MINING","","Coal mining","","https://raw.githubusercontent.com/prateekagr21/COAL-Analysis-and-Prediction/main/Coal%20Mines%20Dataset%20india.csv","78.8626","22.199","","","","","","","","","","UG","","","WCL","","","","Madhya Pradesh","","","","","","",""
"260","","","","","POINT","MINE","MAHADEVPURI","","","","","","Madhya Pradesh","","","","","","","","","","","","","MINING","","Coal mining","","https://raw.githubusercontent.com/prateekagr21/COAL-Analysis-and-Prediction/main/Coal%20Mines%20Dataset%20india.csv","78.7698","22.1806","","","","","","","","","","UG","","","WCL","","","","Madhya Pradesh","","","","","","",""
"261","","","","","POINT","MINE","NEW SETHIA","","","","","","Madhya Pradesh","","","","","","","","","","","","","MINING","","Coal mining","","https://raw.githubusercontent.com/prateekagr21/COAL-Analysis-and-Prediction/main/Coal%20Mines%20Dataset%20india.csv","78.8501","22.2153","","","","","","","","","","OC","","","WCL","","","","Madhya Pradesh","","","","","","",""
"262","","","","","POINT","MINE","CHHINDA","","","","","","Madhya Pradesh","","","","","","","","","","","","","MINING","","Coal mining","","https://raw.githubusercontent.com/prateekagr21/COAL-Analysis-and-Prediction/main/Coal%20Mines%20Dataset%20india.csv","78.8333","22.2083","","","","","","","","","","OC","","","WCL","","","","Madhya Pradesh","","","","","","",""
"263","","","","","POINT","MINE","BARKUI","","","","","","Madhya Pradesh","","","","","","","","","","","","","MINING","","Coal mining","","https://raw.githubusercontent.com/prateekagr21/COAL-Analysis-and-Prediction/main/Coal%20Mines%20Dataset%20india.csv","78.6875","22.1958","","","","","","","","","","OC","","","WCL","","","","Madhya Pradesh","","","","","","",""
"264","","","","","POINT","MINE","URDHAN","","","","","","Madhya Pradesh","","","","","","","","","","","","","MINING","","Coal mining","","https://raw.githubusercontent.com/prateekagr21/COAL-Analysis-and-Prediction/main/Coal%20Mines%20Dataset%20india.csv","78.9578","22.2786","","","","","","","","","","OC","","","WCL","","","","Madhya Pradesh","","","","","","",""
"265","","","","","POINT","MINE","SHIVPURI","","","","","","Madhya Pradesh","","","","","","","","","","","","","MINING","","Coal mining","","https://raw.githubusercontent.com/prateekagr21/COAL-Analysis-and-Prediction/main/Coal%20Mines%20Dataset%20india.csv","78.8901","22.2036","","","","","","","","","","OC","","","WCL","","","","Madhya Pradesh","","","","","","",""
"266","","","","","POINT","MINE","TANDSI","","","","","","Madhya Pradesh","","","","","","","","","","","","","MINING","","Coal mining","","https://raw.githubusercontent.com/prateekagr21/COAL-Analysis-and-Prediction/main/Coal%20Mines%20Dataset%20india.csv","78.3235","22.1857","","","","","","","","","","UG","","","WCL","","","","Madhya Pradesh","","","","","","",""
"267","","","","","POINT","MINE","NANDAN.II","","","","","","Madhya Pradesh","","","","","","","","","","","","","MINING","","Coal mining","","https://raw.githubusercontent.com/prateekagr21/COAL-Analysis-and-Prediction/main/Coal%20Mines%20Dataset%20india.csv","78.4357","22.2131","","","","","","","","","","UG","","","WCL","","","","Madhya Pradesh","","","","","","",""
"268","","","","","POINT","MINE","GHORAWARI MINE NO.II (BHARAT)","","","","","","Madhya Pradesh","","","","","","","","","","","","","MINING","","Coal mining","","https://raw.githubusercontent.com/prateekagr21/COAL-Analysis-and-Prediction/main/Coal%20Mines%20Dataset%20india.csv","79.31127565","21.9857854","","","","","","","","","","OC","","","WCL","","","","Madhya Pradesh","","","","","","",""
"269","","","","","POINT","MINE","GHORAWARI NO.1(.THARNA UG & GHORWARI 16/17 OC)","","","","","","Madhya Pradesh","","","","","","","","","","","","","MINING","","Coal mining","","https://raw.githubusercontent.com/prateekagr21/COAL-Analysis-and-Prediction/main/Coal%20Mines%20Dataset%20india.csv","79.28112756","21.8957854","","","","","","","","","","Mixed","","","WCL","","","","Madhya Pradesh","","","","","","",""
"270","","","","","POINT","MINE","MOHAN (MOHAN/MAURT UG & MOHAN OC)","","","","","","Madhya Pradesh","","","","","","","","","","","","","MINING","","Coal mining","","https://raw.githubusercontent.com/prateekagr21/COAL-Analysis-and-Prediction/main/Coal%20Mines%20Dataset%20india.csv","78.67759236","22.1793327","","","","","","","","","","Mixed","","","WCL","","","","Madhya Pradesh","","","","","","",""
"271","","","","","POINT","MINE","SIAL GHOGRI MINE (CAPTIVE)","","","","","","Madhya Pradesh","","","","","","","","","","","","","MINING","","Coal mining","","https://raw.githubusercontent.com/prateekagr21/COAL-Analysis-and-Prediction/main/Coal%20Mines%20Dataset%20india.csv","78.6994","22.1607","","","","","","","","","","OC","","","RCCPL Ltd, a subsidiary of Birla Corp","","","","Madhya Pradesh","","","","","","",""
"272","","","","","POINT","MINE","CHURCHA RO","","","","","","Chhattisgarh","","","","","","","","","","","","","MINING","","Coal mining","","https://raw.githubusercontent.com/prateekagr21/COAL-Analysis-and-Prediction/main/Coal%20Mines%20Dataset%20india.csv","82.52","23.3342","","","","","","","","","","UG","","","SECL","","","","Chhattisgarh","","","","","","",""
"273","","","","","POINT","MINE","KATKONA 1&2","","","","","","Chhattisgarh","","","","","","","","","","","","","MINING","","Coal mining","","https://raw.githubusercontent.com/prateekagr21/COAL-Analysis-and-Prediction/main/Coal%20Mines%20Dataset%20india.csv","82.6808","23.3596","","","","","","","","","","UG","","","SECL","","","","Chhattisgarh","","","","","","",""
"274","","","","","POINT","MINE","KATKONA 3&4","","","","","","Chhattisgarh","","","","","","","","","","","","","MINING","","Coal mining","","https://raw.githubusercontent.com/prateekagr21/COAL-Analysis-and-Prediction/main/Coal%20Mines%20Dataset%20india.csv","82.725","23.3567","","","","","","","","","","UG","","","SECL","","","","Chhattisgarh","","","","","","",""
"275","","","","","POINT","MINE","BARTUNGA HILL","","","","","","Chhattisgarh","","","","","","","","","","","","","MINING","","Coal mining","","https://raw.githubusercontent.com/prateekagr21/COAL-Analysis-and-Prediction/main/Coal%20Mines%20Dataset%20india.csv","82.335","23.174","","","","","","","","","","UG","","","SECL","","","","Chhattisgarh","","","","","","",""
"276","","","","","POINT","MINE","KURASIA","","","","","","Chhattisgarh","","","","","","","","","","","","","MINING","","Coal mining","","https://raw.githubusercontent.com/prateekagr21/COAL-Analysis-and-Prediction/main/Coal%20Mines%20Dataset%20india.csv","82.3682","23.1783","","","","","","","","","","UG","","","SECL","","","","Chhattisgarh","","","","","","",""
"277","","","","","POINT","MINE","NCPH R6 NEW","","","","","","Chhattisgarh","","","","","","","","","","","","","MINING","","Coal mining","","https://raw.githubusercontent.com/prateekagr21/COAL-Analysis-and-Prediction/main/Coal%20Mines%20Dataset%20india.csv","82.3489","23.1944","","","","","","","","","","UG","","","SECL","","","","Chhattisgarh","","","","","","",""
"278","","","","","POINT","MINE","WEST JKD","","","","","","Chhattisgarh","","","","","","","","","","","","","MINING","","Coal mining","","https://raw.githubusercontent.com/prateekagr21/COAL-Analysis-and-Prediction/main/Coal%20Mines%20Dataset%20india.csv","82.1472","23.1972","","","","","","","","","","UG","","","SECL","","","","Chhattisgarh","","","","","","",""
"279","","","","","POINT","MINE","HALDIBARI","","","","","","Chhattisgarh","","","","","","","","","","","","","MINING","","Coal mining","","https://raw.githubusercontent.com/prateekagr21/COAL-Analysis-and-Prediction/main/Coal%20Mines%20Dataset%20india.csv","82.1501","23.2232","","","","","","","","","","UG","","","SECL","","","","Chhattisgarh","","","","","","",""
"280","","","","","POINT","MINE","CHIRIMIRI OC","","","","","","Chhattisgarh","","","","","","","","","","","","","MINING","","Coal mining","","https://raw.githubusercontent.com/prateekagr21/COAL-Analysis-and-Prediction/main/Coal%20Mines%20Dataset%20india.csv","82.3384","23.1795","","","","","","","","","","OC","","","SECL","","","","Chhattisgarh","","","","","","",""
"281","","","","","POINT","MINE","PANDAVPARA","","","","","","Chhattisgarh","","","","","","","","","","","","","MINING","","Coal mining","","https://raw.githubusercontent.com/prateekagr21/COAL-Analysis-and-Prediction/main/Coal%20Mines%20Dataset%20india.csv","82.7288","23.3501","","","","","","","","","","UG","","","SECL","","","","Chhattisgarh","","","","","","",""
"282","","","","","POINT","MINE","JHILIMILI","","","","","","Chhattisgarh","","","","","","","","","","","","","MINING","","Coal mining","","https://raw.githubusercontent.com/prateekagr21/COAL-Analysis-and-Prediction/main/Coal%20Mines%20Dataset%20india.csv","82.7301","23.3547","","","","","","","","","","UG","","","SECL","","","","Chhattisgarh","","","","","","",""
"283","","","","","POINT","MINE","KUMDA 7&8","","","","","","Chhattisgarh","","","","","","","","","","","","","MINING","","Coal mining","","https://raw.githubusercontent.com/prateekagr21/COAL-Analysis-and-Prediction/main/Coal%20Mines%20Dataset%20india.csv","83.0056","23.2074","","","","","","","","","","UG","","","SECL","","","","Chhattisgarh","","","","","","",""
"284","","","","","POINT","MINE","BALRAMPUR","","","","","","Chhattisgarh","","","","","","","","","","","","","MINING","","Coal mining","","https://raw.githubusercontent.com/prateekagr21/COAL-Analysis-and-Prediction/main/Coal%20Mines%20Dataset%20india.csv","83.6191","23.6169","","","","","","","","","","UG","","","SECL","","","","Chhattisgarh","","","","","","",""
"285","","","","","POINT","MINE","KETKI","","","","","","Chhattisgarh","","","","","","","","","","","","","MINING","","Coal mining","","https://raw.githubusercontent.com/prateekagr21/COAL-Analysis-and-Prediction/main/Coal%20Mines%20Dataset%20india.csv","82.8786","23.1385","","","","","","","","","","UG","","","SECL","","","","Chhattisgarh","","","","","","",""
"286","","","","","POINT","MINE","REHAR","","","","","","Chhattisgarh","","","","","","","","","","","","","MINING","","Coal mining","","https://raw.githubusercontent.com/prateekagr21/COAL-Analysis-and-Prediction/main/Coal%20Mines%20Dataset%20india.csv","82.9368","23.1063","","","","","","","","","","UG","","","SECL","","","","Chhattisgarh","","","","","","",""
"287","","","","","POINT","MINE","GAYATRI","","","","","","Chhattisgarh","","","","","","","","","","","","","MINING","","Coal mining","","https://raw.githubusercontent.com/prateekagr21/COAL-Analysis-and-Prediction/main/Coal%20Mines%20Dataset%20india.csv","82.9051","23.1097","","","","","","","","","","UG","","","SECL","","","","Chhattisgarh","","","","","","",""
"288","","","","","POINT","MINE","BISRAMPUR","","","","","","Chhattisgarh","","","","","","","","","","","","","MINING","","Coal mining","","https://raw.githubusercontent.com/prateekagr21/COAL-Analysis-and-Prediction/main/Coal%20Mines%20Dataset%20india.csv","82.97906321","23.1847941","","","","","","","","","","OC","","","SECL","","","","Chhattisgarh","","","","","","",""
"289","","","","","POINT","MINE","AMGAON","","","","","","Chhattisgarh","","","","","","","","","","","","","MINING","","Coal mining","","https://raw.githubusercontent.com/prateekagr21/COAL-Analysis-and-Prediction/main/Coal%20Mines%20Dataset%20india.csv","82.83","23.1367","","","","","","","","","","OC","","","SECL","","","","Chhattisgarh","","","","","","",""
"290","","","","","POINT","MINE","AMERA","","","","","","Chhattisgarh","","","","","","","","","","","","","MINING","","Coal mining","","https://raw.githubusercontent.com/prateekagr21/COAL-Analysis-and-Prediction/main/Coal%20Mines%20Dataset%20india.csv","83.0433","23.0617","","","","","","","","","","OC","","","SECL","","","","Chhattisgarh","","","","","","",""
"291","","","","","POINT","MINE","Parsa East and Kanta Basan (CAPTIVE)","","","","","","Chhattisgarh","","","","","","","","","","","","","MINING","","Coal mining","","https://raw.githubusercontent.com/prateekagr21/COAL-Analysis-and-Prediction/main/Coal%20Mines%20Dataset%20india.csv","82.8124","22.8238","","","","","","","","","","OC","","","RRVUNL","","","","Chhattisgarh","","","","","","",""
"292","","","","","POINT","MINE","MAHAN-II","","","","","","Chhattisgarh","","","","","","","","","","","","","MINING","","Coal mining","","https://raw.githubusercontent.com/prateekagr21/COAL-Analysis-and-Prediction/main/Coal%20Mines%20Dataset%20india.csv","83.2264","23.3654","","","","","","","","","","OC","","","SECL","","","","Chhattisgarh","","","","","","",""
"293","","","","","POINT","MINE","JAGANNATHPUR","","","","","","Chhattisgarh","","","","","","","","","","","","","MINING","","Coal mining","","https://raw.githubusercontent.com/prateekagr21/COAL-Analysis-and-Prediction/main/Coal%20Mines%20Dataset%20india.csv","83.215","23.3704","","","","","","","","","","OC","","","SECL","","","","Chhattisgarh","","","","","","",""
"294","","","","","POINT","MINE","BHATGAON","","","","","","Chhattisgarh","","","","","","","","","","","","","MINING","","Coal mining","","https://raw.githubusercontent.com/prateekagr21/COAL-Analysis-and-Prediction/main/Coal%20Mines%20Dataset%20india.csv","83","23.3667","","","","","","","","","","UG","","","SECL","","","","Chhattisgarh","","","","","","",""
"295","","","","","POINT","MINE","MAHAMAYA","","","","","","Chhattisgarh","","","","","","","","","","","","","MINING","","Coal mining","","https://raw.githubusercontent.com/prateekagr21/COAL-Analysis-and-Prediction/main/Coal%20Mines%20Dataset%20india.csv","83.0235","23.3815","","","","","","","","","","UG","","","SECL","","","","Chhattisgarh","","","","","","",""
"296","","","","","POINT","MINE","SHIWANI","","","","","","Chhattisgarh","","","","","","","","","","","","","MINING","","Coal mining","","https://raw.githubusercontent.com/prateekagr21/COAL-Analysis-and-Prediction/main/Coal%20Mines%20Dataset%20india.csv","83.0743","23.3498","","","","","","","","","","UG","","","SECL","","","","Chhattisgarh","","","","","","",""
"297","","","","","POINT","MINE","NAWAPARA","","","","","","Chhattisgarh","","","","","","","","","","","","","MINING","","Coal mining","","https://raw.githubusercontent.com/prateekagr21/COAL-Analysis-and-Prediction/main/Coal%20Mines%20Dataset%20india.csv","83.0856","23.2907","","","","","","","","","","UG","","","SECL","","","","Chhattisgarh","","","","","","",""
"298","","","","","POINT","MINE","MAHAN","","","","","","Chhattisgarh","","","","","","","","","","","","","MINING","","Coal mining","","https://raw.githubusercontent.com/prateekagr21/COAL-Analysis-and-Prediction/main/Coal%20Mines%20Dataset%20india.csv","83.0183","23.3861","","","","","","","","","","OC","","","SECL","","","","Chhattisgarh","","","","","","",""
"299","","","","","POINT","MINE","VIJAY WEST","","","","","","Chhattisgarh","","","","","","","","","","","","","MINING","","Coal mining","","https://raw.githubusercontent.com/prateekagr21/COAL-Analysis-and-Prediction/main/Coal%20Mines%20Dataset%20india.csv","82.3211","22.8542","","","","","","","","","","UG","","","SECL","","","","Chhattisgarh","","","","","","",""
"300","","","","","POINT","MINE","RANI ATARI","","","","","","Chhattisgarh","","","","","","","","","","","","","MINING","","Coal mining","","https://raw.githubusercontent.com/prateekagr21/COAL-Analysis-and-Prediction/main/Coal%20Mines%20Dataset%20india.csv","82.2989","22.8647","","","","","","","","","","UG","","","SECL","","","","Chhattisgarh","","","","","","",""
"301","","","","","POINT","MINE","RAJGAMAR 4&5","","","","","","Chhattisgarh","","","","","","","","","","","","","MINING","","Coal mining","","https://raw.githubusercontent.com/prateekagr21/COAL-Analysis-and-Prediction/main/Coal%20Mines%20Dataset%20india.csv","82.8681","22.3708","","","","","","","","","","UG","","","SECL","","","","Chhattisgarh","","","","","","",""
"302","","","","","POINT","MINE","SURAKACHHAR MAIN","","","","","","Chhattisgarh","","","","","","","","","","","","","MINING","","Coal mining","","https://raw.githubusercontent.com/prateekagr21/COAL-Analysis-and-Prediction/main/Coal%20Mines%20Dataset%20india.csv","82.6306","22.365","","","","","","","","","","UG","","","SECL","","","","Chhattisgarh","","","","","","",""
"303","","","","","POINT","MINE","SURAKACHHAR 3&4","","","","","","Chhattisgarh","","","","","","","","","","","","","MINING","","Coal mining","","https://raw.githubusercontent.com/prateekagr21/COAL-Analysis-and-Prediction/main/Coal%20Mines%20Dataset%20india.csv","82.6315","22.368","","","","","","","","","","UG","","","SECL","","","","Chhattisgarh","","","","","","",""
"304","","","","","POINT","MINE","BALGI","","","","","","Chhattisgarh","","","","","","","","","","","","","MINING","","Coal mining","","https://raw.githubusercontent.com/prateekagr21/COAL-Analysis-and-Prediction/main/Coal%20Mines%20Dataset%20india.csv","82.6425","22.3672","","","","","","","","","","UG","","","SECL","","","","Chhattisgarh","","","","","","",""
"305","","","","","POINT","MINE","DHELWADIH","","","","","","Chhattisgarh","","","","","","","","","","","","","MINING","","Coal mining","","https://raw.githubusercontent.com/prateekagr21/COAL-Analysis-and-Prediction/main/Coal%20Mines%20Dataset%20india.csv","82.5634","22.4616","","","","","","","","","","UG","","","SECL","","","","Chhattisgarh","","","","","","",""
"306","","","","","POINT","MINE","SINGHALI","","","","","","Chhattisgarh","","","","","","","","","","","","","MINING","","Coal mining","","https://raw.githubusercontent.com/prateekagr21/COAL-Analysis-and-Prediction/main/Coal%20Mines%20Dataset%20india.csv","82.5679","22.4406","","","","","","","","","","UG","","","SECL","","","","Chhattisgarh","","","","","","",""
"307","","","","","POINT","MINE","BAGDEVA","","","","","","Chhattisgarh","","","","","","","","","","","","","MINING","","Coal mining","","https://raw.githubusercontent.com/prateekagr21/COAL-Analysis-and-Prediction/main/Coal%20Mines%20Dataset%20india.csv","82.535","22.3863","","","","","","","","","","UG","","","SECL","","","","Chhattisgarh","","","","","","",""
"308","","","","","POINT","MINE","MANIKPUR","","","","","","Chhattisgarh","","","","","","","","","","","","","MINING","","Coal mining","","https://raw.githubusercontent.com/prateekagr21/COAL-Analysis-and-Prediction/main/Coal%20Mines%20Dataset%20india.csv","82.725","22.3208","","","","","","","","","","OC","","","SECL","","","","Chhattisgarh","","","","","","",""
"309","","","","","POINT","MINE","SARAIPALLI","","","","","","Chhattisgarh","","","","","","","","","","","","","MINING","","Coal mining","","https://raw.githubusercontent.com/prateekagr21/COAL-Analysis-and-Prediction/main/Coal%20Mines%20Dataset%20india.csv","82.32282999","22.37316576","","","","","","","","","","OC","","","SECL","","","","Chhattisgarh","","","","","","",""
"310","","","","","POINT","MINE","KUSMUNDA","","","","","","Chhattisgarh","","","","","","","","","","","","","MINING","","Coal mining","","https://raw.githubusercontent.com/prateekagr21/COAL-Analysis-and-Prediction/main/Coal%20Mines%20Dataset%20india.csv","82.6732","22.3067","","","","","","","","","","OC","","","SECL","","","","Chhattisgarh","","","","","","",""
"311","","","","","POINT","MINE","GEVRA OC","","","","","","Chhattisgarh","","","","","","","","","","","","","MINING","","Coal mining","","https://raw.githubusercontent.com/prateekagr21/COAL-Analysis-and-Prediction/main/Coal%20Mines%20Dataset%20india.csv","82.5958","22.3308","","","","","","","","","","OC","","","SECL","","","","Chhattisgarh","","","","","","",""
"312","","","","","POINT","MINE","DIPKA","","","","","","Chhattisgarh","","","","","","","","","","","","","MINING","","Coal mining","","https://raw.githubusercontent.com/prateekagr21/COAL-Analysis-and-Prediction/main/Coal%20Mines%20Dataset%20india.csv","82.5363","22.3225","","","","","","","","","","OC","","","SECL","","","","Chhattisgarh","","","","","","",""
"313","","","","","POINT","MINE","Chotia opencast coal mine (CAPTIVE)","","","","","","Chhattisgarh","","","","","","","","","","","","","MINING","","Coal mining","","https://raw.githubusercontent.com/prateekagr21/COAL-Analysis-and-Prediction/main/Coal%20Mines%20Dataset%20india.csv","82.5372","22.8556","","","","","","","","","","OC","","","BALCO (Vedanta Group)","","","","Chhattisgarh","","","","","","",""
"314","","","","","POINT","MINE","CHHAL","","","","","","Chhattisgarh","","","","","","","","","","","","","MINING","","Coal mining","","https://raw.githubusercontent.com/prateekagr21/COAL-Analysis-and-Prediction/main/Coal%20Mines%20Dataset%20india.csv","83.1278","22.0926","","","","","","","","","","OC","","","SECL","","","","Chhattisgarh","","","","","","",""
"315","","","","","POINT","MINE","BAROUD","","","","","","Chhattisgarh","","","","","","","","","","","","","MINING","","Coal mining","","https://raw.githubusercontent.com/prateekagr21/COAL-Analysis-and-Prediction/main/Coal%20Mines%20Dataset%20india.csv","83.3457","22.2678","","","","","","","","","","OC","","","SECL","","","","Chhattisgarh","","","","","","",""
"316","","","","","POINT","MINE","JAMPALI","","","","","","Chhattisgarh","","","","","","","","","","","","","MINING","","Coal mining","","https://raw.githubusercontent.com/prateekagr21/COAL-Analysis-and-Prediction/main/Coal%20Mines%20Dataset%20india.csv","83.3025","22.2843","","","","","","","","","","OC","","","SECL","","","","Chhattisgarh","","","","","","",""
"317","","","","","POINT","MINE","BIJARI","","","","","","Chhattisgarh","","","","","","","","","","","","","MINING","","Coal mining","","https://raw.githubusercontent.com/prateekagr21/COAL-Analysis-and-Prediction/main/Coal%20Mines%20Dataset%20india.csv","83.2133","20.1528","","","","","","","","","","OC","","","SECL","","","","Chhattisgarh","","","","","","",""
"318","","","","","POINT","MINE","GARE PALMA IV/1 (CAPTIVE)","","","","","","Chhattisgarh","","","","","","","","","","","","","MINING","","Coal mining","","https://raw.githubusercontent.com/prateekagr21/COAL-Analysis-and-Prediction/main/Coal%20Mines%20Dataset%20india.csv","83.5469","22.1125","","","","","","","","","","OC","","","SECL","","","","Chhattisgarh","","","","","","",""
"319","","","","","POINT","MINE","GARE PALMA IV/2&3 (CAPTIVE)","","","","","","Chhattisgarh","","","","","","","","","","","","","MINING","","Coal mining","","https://raw.githubusercontent.com/prateekagr21/COAL-Analysis-and-Prediction/main/Coal%20Mines%20Dataset%20india.csv","83.5362","22.1199","","","","","","","","","","OC","","","SECL","","","","Chhattisgarh","","","","","","",""
"320","","","","","POINT","MINE","GARE PALMA V/4 (CAPTIVE)","","","","","","Chhattisgarh","","","","","","","","","","","","","MINING","","Coal mining","","https://raw.githubusercontent.com/prateekagr21/COAL-Analysis-and-Prediction/main/Coal%20Mines%20Dataset%20india.csv","83.5415","22.15","","","","","","","","","","OC","","","HIL","","","","Chhattisgarh","","","","","","",""
"321","","","","","POINT","MINE","GARE PALMA IV/5 (CAPTIVE)","","","","","","Chhattisgarh","","","","","","","","","","","","","MINING","","Coal mining","","https://raw.githubusercontent.com/prateekagr21/COAL-Analysis-and-Prediction/main/Coal%20Mines%20Dataset%20india.csv","83.5321","22.1621","","","","","","","","","","OC","","","HIL","","","","Chhattisgarh","","","","","","",""
"322","","","","","POINT","MINE","Gare Palma IV/8 (CAPTIVE)","","","","","","Chhattisgarh","","","","","","","","","","","","","MINING","","Coal mining","","https://raw.githubusercontent.com/prateekagr21/COAL-Analysis-and-Prediction/main/Coal%20Mines%20Dataset%20india.csv","83.4944","22.1708","","","","","","","","","","OC","","","AMBUJA","","","","Chhattisgarh","","","","","","",""
"323","","","","","POINT","MINE","Talaipalli coal mine","","","","","","Chhattisgarh","","","","","","","","","","","","","MINING","","Coal mining","","https://raw.githubusercontent.com/prateekagr21/COAL-Analysis-and-Prediction/main/Coal%20Mines%20Dataset%20india.csv","83.3551","22.1765","","","","","","","","","","OC","","","NTPC","","","","Chhattisgarh","","","","","","",""
"324","","","","","POINT","MINE","RAJNAGAR R.O.","","","","","","Madhya Pradesh","","","","","","","","","","","","","MINING","","Coal mining","","https://raw.githubusercontent.com/prateekagr21/COAL-Analysis-and-Prediction/main/Coal%20Mines%20Dataset%20india.csv","82.132","23.1897","","","","","","","","","","UG","","","SECL","","","","Madhya Pradesh","","","","","","",""
"325","","","","","POINT","MINE","JHIRIA","","","","","","Madhya Pradesh","","","","","","","","","","","","","MINING","","Coal mining","","https://raw.githubusercontent.com/prateekagr21/COAL-Analysis-and-Prediction/main/Coal%20Mines%20Dataset%20india.csv","82.1511","23.1523","","","","","","","","","","UG","","","SECL","","","","Madhya Pradesh","","","","","","",""
"326","","","","","POINT","MINE","BIJURI","","","","","","Madhya Pradesh","","","","","","","","","","","","","MINING","","Coal mining","","https://raw.githubusercontent.com/prateekagr21/COAL-Analysis-and-Prediction/main/Coal%20Mines%20Dataset%20india.csv","82.1216","23.2588","","","","","","","","","","UG","","","SECL","","","","Madhya Pradesh","","","","","","",""
"327","","","","","POINT","MINE","BEHERABAND","","","","","","Madhya Pradesh","","","","","","","","","","","","","MINING","","Coal mining","","https://raw.githubusercontent.com/prateekagr21/COAL-Analysis-and-Prediction/main/Coal%20Mines%20Dataset%20india.csv","82.1","23.3","","","","","","","","","","UG","","","SECL","","","","Madhya Pradesh","","","","","","",""
"328","","","","","POINT","MINE","KURJA/ SHEETALDHARA","","","","","","Madhya Pradesh","","","","","","","","","","","","","MINING","","Coal mining","","https://raw.githubusercontent.com/prateekagr21/COAL-Analysis-and-Prediction/main/Coal%20Mines%20Dataset%20india.csv","82.1132","23.2398","","","","","","","","","","UG","","","SECL","","","","Madhya Pradesh","","","","","","",""
"329","","","","","POINT","MINE","KAPILDHARA","","","","","","Madhya Pradesh","","","","","","","","","","","","","MINING","","Coal mining","","https://raw.githubusercontent.com/prateekagr21/COAL-Analysis-and-Prediction/main/Coal%20Mines%20Dataset%20india.csv","82.19694531","23.1774699","","","","","","","","","","UG","","","SECL","","","","Madhya Pradesh","","","","","","",""
"330","","","","","POINT","MINE","RAJNAGAR","","","","","","Madhya Pradesh","","","","","","","","","","","","","MINING","","Coal mining","","https://raw.githubusercontent.com/prateekagr21/COAL-Analysis-and-Prediction/main/Coal%20Mines%20Dataset%20india.csv","82.1269","23.2117","","","","","","","","","","OC","","","SECL","","","","Madhya Pradesh","","","","","","",""
"331","","","","","POINT","MINE","JAMUNA 1 & 2","","","","","","Madhya Pradesh","","","","","","","","","","","","","MINING","","Coal mining","","https://raw.githubusercontent.com/prateekagr21/COAL-Analysis-and-Prediction/main/Coal%20Mines%20Dataset%20india.csv","81.9424","23.1681","","","","","","","","","","UG","","","SECL","","","","Madhya Pradesh","","","","","","",""
"332","","","","","POINT","MINE","JAMUNA 9 &10","","","","","","Madhya Pradesh","","","","","","","","","","","","","MINING","","Coal mining","","https://raw.githubusercontent.com/prateekagr21/COAL-Analysis-and-Prediction/main/Coal%20Mines%20Dataset%20india.csv","81.9324","23.1631","","","","","","","","","","UG","","","SECL","","","","Madhya Pradesh","","","","","","",""
"333","","","","","POINT","MINE","MEERA","","","","","","Madhya Pradesh","","","","","","","","","","","","","MINING","","Coal mining","","https://raw.githubusercontent.com/prateekagr21/COAL-Analysis-and-Prediction/main/Coal%20Mines%20Dataset%20india.csv","81.9797","23.1863","","","","","","","","","","UG","","","SECL","","","","Madhya Pradesh","","","","","","",""
"334","","","","","POINT","MINE","BARTARAI / AMADAND","","","","","","Madhya Pradesh","","","","","","","","","","","","","MINING","","Coal mining","","https://raw.githubusercontent.com/prateekagr21/COAL-Analysis-and-Prediction/main/Coal%20Mines%20Dataset%20india.csv","82.0657","23.1368","","","","","","","","","","UG","","","SECL","","","","Madhya Pradesh","","","","","","",""
"335","","","","","POINT","MINE","BHADRA 7 / 8","","","","","","Madhya Pradesh","","","","","","","","","","","","","MINING","","Coal mining","","https://raw.githubusercontent.com/prateekagr21/COAL-Analysis-and-Prediction/main/Coal%20Mines%20Dataset%20india.csv","81.9324","23.1889","","","","","","","","","","UG","","","SECL","","","","Madhya Pradesh","","","","","","",""
"336","","","","","POINT","MINE","AMADAND","","","","","","Madhya Pradesh","","","","","","","","","","","","","MINING","","Coal mining","","https://raw.githubusercontent.com/prateekagr21/COAL-Analysis-and-Prediction/main/Coal%20Mines%20Dataset%20india.csv","82.0579","23.1436","","","","","","","","","","OC","","","SECL","","","","Madhya Pradesh","","","","","","",""
"337","","","","","POINT","MINE","DHANPURI","","","","","","Madhya Pradesh","","","","","","","","","","","","","MINING","","Coal mining","","https://raw.githubusercontent.com/prateekagr21/COAL-Analysis-and-Prediction/main/Coal%20Mines%20Dataset%20india.csv","81.5843","23.1541","","","","","","","","","","OC","","","SECL","","","","Madhya Pradesh","","","","","","",""
"338","","","","","POINT","MINE","RAJENDRA","","","","","","Madhya Pradesh","","","","","","","","","","","","","MINING","","Coal mining","","https://raw.githubusercontent.com/prateekagr21/COAL-Analysis-and-Prediction/main/Coal%20Mines%20Dataset%20india.csv","81.491","23.1531","","","","","","","","","","UG","","","SECL","","","","Madhya Pradesh","","","","","","",""
"339","","","","","POINT","MINE","BANGWAR","","","","","","Madhya Pradesh","","","","","","","","","","","","","MINING","","Coal mining","","https://raw.githubusercontent.com/prateekagr21/COAL-Analysis-and-Prediction/main/Coal%20Mines%20Dataset%20india.csv","81.5361","23.1542","","","","","","","","","","UG","","","SECL","","","","Madhya Pradesh","","","","","","",""
"340","","","","","POINT","MINE","DAMINI","","","","","","Madhya Pradesh","","","","","","","","","","","","","MINING","","Coal mining","","https://raw.githubusercontent.com/prateekagr21/COAL-Analysis-and-Prediction/main/Coal%20Mines%20Dataset%20india.csv","81.4633","23.145","","","","","","","","","","UG","","","SECL","","","","Madhya Pradesh","","","","","","",""
"341","","","","","POINT","MINE","KHAIRAHA","","","","","","Madhya Pradesh","","","","","","","","","","","","","MINING","","Coal mining","","https://raw.githubusercontent.com/prateekagr21/COAL-Analysis-and-Prediction/main/Coal%20Mines%20Dataset%20india.csv","81.4589","23.1543","","","","","","","","","","UG","","","SECL","","","","Madhya Pradesh","","","","","","",""
"342","","","","","POINT","MINE","SHARDA HIGHWALL","","","","","","Madhya Pradesh","","","","","","","","","","","","","MINING","","Coal mining","","https://raw.githubusercontent.com/prateekagr21/COAL-Analysis-and-Prediction/main/Coal%20Mines%20Dataset%20india.csv","81.5896","23.2084","","","","","","","","","","UG","","","SECL","","","","Madhya Pradesh","","","","","","",""
"343","","","","","POINT","MINE","AMLAI","","","","","","Madhya Pradesh","","","","","","","","","","","","","MINING","","Coal mining","","https://raw.githubusercontent.com/prateekagr21/COAL-Analysis-and-Prediction/main/Coal%20Mines%20Dataset%20india.csv","81.5514","23.1502","","","","","","","","","","OC","","","SECL","","","","Madhya Pradesh","","","","","","",""
"344","","","","","POINT","MINE","PALI UG","","","","","","Madhya Pradesh","","","","","","","","","","","","","MINING","","Coal mining","","https://raw.githubusercontent.com/prateekagr21/COAL-Analysis-and-Prediction/main/Coal%20Mines%20Dataset%20india.csv","80.7501","23.5863","","","","","","","","","","UG","","","SECL","","","","Madhya Pradesh","","","","","","",""
"345","","","","","POINT","MINE","NOWROZABAD(W)","","","","","","Madhya Pradesh","","","","","","","","","","","","","MINING","","Coal mining","","https://raw.githubusercontent.com/prateekagr21/COAL-Analysis-and-Prediction/main/Coal%20Mines%20Dataset%20india.csv","80.989","23.3588","","","","","","","","","","UG","","","SECL","","","","Madhya Pradesh","","","","","","",""
"346","","","","","POINT","MINE","PINOURA","","","","","","Madhya Pradesh","","","","","","","","","","","","","MINING","","Coal mining","","https://raw.githubusercontent.com/prateekagr21/COAL-Analysis-and-Prediction/main/Coal%20Mines%20Dataset%20india.csv","80.936","23.339","","","","","","","","","","UG","","","SECL","","","","Madhya Pradesh","","","","","","",""
"347","","","","","POINT","MINE","UMARIA","","","","","","Madhya Pradesh","","","","","","","","","","","","","MINING","","Coal mining","","https://raw.githubusercontent.com/prateekagr21/COAL-Analysis-and-Prediction/main/Coal%20Mines%20Dataset%20india.csv","80.8333","23.525","","","","","","","","","","UG","","","SECL","","","","Madhya Pradesh","","","","","","",""
"348","","","","","POINT","MINE","PIPARIA","","","","","","Madhya Pradesh","","","","","","","","","","","","","MINING","","Coal mining","","https://raw.githubusercontent.com/prateekagr21/COAL-Analysis-and-Prediction/main/Coal%20Mines%20Dataset%20india.csv","80.8622","23.5238","","","","","","","","","","UG","","","SECL","","","","Madhya Pradesh","","","","","","",""
"349","","","","","POINT","MINE","VINDHYA","","","","","","Madhya Pradesh","","","","","","","","","","","","","MINING","","Coal mining","","https://raw.githubusercontent.com/prateekagr21/COAL-Analysis-and-Prediction/main/Coal%20Mines%20Dataset%20india.csv","80.9058","23.3356","","","","","","","","","","UG","","","SECL","","","","Madhya Pradesh","","","","","","",""
"350","","","","","POINT","MINE","KANCHAN OC","","","","","","Madhya Pradesh","","","","","","","","","","","","","MINING","","Coal mining","","https://raw.githubusercontent.com/prateekagr21/COAL-Analysis-and-Prediction/main/Coal%20Mines%20Dataset%20india.csv","80.8626","23.3419","","","","","","","","","","OC","","","SECL","","","","Madhya Pradesh","","","","","","",""
"351","","","","","POINT","MINE","TALCHER","","","","","","Odisha","","","","","","","","","","","","","MINING","","Coal mining","","https://raw.githubusercontent.com/prateekagr21/COAL-Analysis-and-Prediction/main/Coal%20Mines%20Dataset%20india.csv","85.114509","20.91234","","","","","","","","","","UG","","","MCL","","","","Odisha","","","","","","",""
"352","","","","","POINT","MINE","NANDIRA","","","","","","Odisha","","","","","","","","","","","","","MINING","","Coal mining","","https://raw.githubusercontent.com/prateekagr21/COAL-Analysis-and-Prediction/main/Coal%20Mines%20Dataset%20india.csv","85.124509","20.92738","","","","","","","","","","UG","","","MCL","","","","Odisha","","","","","","",""
"353","","","","","POINT","MINE","DEULBERA","","","","","","Odisha","","","","","","","","","","","","","MINING","","Coal mining","","https://raw.githubusercontent.com/prateekagr21/COAL-Analysis-and-Prediction/main/Coal%20Mines%20Dataset%20india.csv","85.2069","20.9513","","","","","","","","","","UG","","","MCL","","","","Odisha","","","","","","",""
"354","","","","","POINT","MINE","HANDIDHUA","","","","","","Odisha","","","","","","","","","","","","","MINING","","Coal mining","","https://raw.githubusercontent.com/prateekagr21/COAL-Analysis-and-Prediction/main/Coal%20Mines%20Dataset%20india.csv","85.19856","20.94553","","","","","","","","","","UG","","","MCL","","","","Odisha","","","","","","",""
"355","","","","","POINT","MINE","BHARATPUR","","","","","","Odisha","","","","","","","","","","","","","MINING","","Coal mining","","https://raw.githubusercontent.com/prateekagr21/COAL-Analysis-and-Prediction/main/Coal%20Mines%20Dataset%20india.csv","85.1264","20.9604","","","","","","","","","","OC","","","MCL","","","","Odisha","","","","","","",""
"356","","","","","POINT","MINE","CHHENDIPARA","","","","","","Odisha","","","","","","","","","","","","","MINING","","Coal mining","","https://raw.githubusercontent.com/prateekagr21/COAL-Analysis-and-Prediction/main/Coal%20Mines%20Dataset%20india.csv","84.8769","21.0758","","","","","","","","","","OC","","","MCL","","","","Odisha","","","","","","",""
"357","","","","","POINT","MINE","HINGULA","","","","","","Odisha","","","","","","","","","","","","","MINING","","Coal mining","","https://raw.githubusercontent.com/prateekagr21/COAL-Analysis-and-Prediction/main/Coal%20Mines%20Dataset%20india.csv","85.0315","20.9531","","","","","","","","","","OC","","","MCL","","","","Odisha","","","","","","",""
"358","","","","","POINT","MINE","BALRAM","","","","","","Odisha","","","","","","","","","","","","","MINING","","Coal mining","","https://raw.githubusercontent.com/prateekagr21/COAL-Analysis-and-Prediction/main/Coal%20Mines%20Dataset%20india.csv","85.0627","20.9514","","","","","","","","","","OC","","","MCL","","","","Odisha","","","","","","",""
"359","","","","","POINT","MINE","JAGANNATH","","","","","","Odisha","","","","","","","","","","","","","MINING","","Coal mining","","https://raw.githubusercontent.com/prateekagr21/COAL-Analysis-and-Prediction/main/Coal%20Mines%20Dataset%20india.csv","85.1424","20.9578","","","","","","","","","","OC","","","MCL","","","","Odisha","","","","","","",""
"360","","","","","POINT","MINE","BHUBANESWARI","","","","","","Odisha","","","","","","","","","","","","","MINING","","Coal mining","","https://raw.githubusercontent.com/prateekagr21/COAL-Analysis-and-Prediction/main/Coal%20Mines%20Dataset%20india.csv","85.1732","20.9725","","","","","","","","","","OC","","","MCL","","","","Odisha","","","","","","",""
"361","","","","","POINT","MINE","ANANTA","","","","","","Odisha","","","","","","","","","","","","","MINING","","Coal mining","","https://raw.githubusercontent.com/prateekagr21/COAL-Analysis-and-Prediction/main/Coal%20Mines%20Dataset%20india.csv","85.16593","20.94429","","","","","","","","","","OC","","","MCL","","","","Odisha","","","","","","",""
"362","","","","","POINT","MINE","LINGRAJ","","","","","","Odisha","","","","","","","","","","","","","MINING","","Coal mining","","https://raw.githubusercontent.com/prateekagr21/COAL-Analysis-and-Prediction/main/Coal%20Mines%20Dataset%20india.csv","85.21331","20.96289","","","","","","","","","","OC","","","MCL","","","","Odisha","","","","","","",""
"363","","","","","POINT","MINE","KANIHA","","","","","","Odisha","","","","","","","","","","","","","MINING","","Coal mining","","https://raw.githubusercontent.com/prateekagr21/COAL-Analysis-and-Prediction/main/Coal%20Mines%20Dataset%20india.csv","85.042","21.0791","","","","","","","","","","OC","","","MCL","","","","Odisha","","","","","","",""
"364","","","","","POINT","MINE","LAJKURA","","","","","","Odisha","","","","","","","","","","","","","MINING","","Coal mining","","https://raw.githubusercontent.com/prateekagr21/COAL-Analysis-and-Prediction/main/Coal%20Mines%20Dataset%20india.csv","83.9007","21.3214","","","","","","","","","","OC","","","MCL","","","","Odisha","","","","","","",""
"365","","","","","POINT","MINE","SAMALESWARI","","","","","","Odisha","","","","","","","","","","","","","MINING","","Coal mining","","https://raw.githubusercontent.com/prateekagr21/COAL-Analysis-and-Prediction/main/Coal%20Mines%20Dataset%20india.csv","83.9032","21.3014","","","","","","","","","","OC","","","MCL","","","","Odisha","","","","","","",""
"366","","","","","POINT","MINE","BELPAHAR","","","","","","Odisha","","","","","","","","","","","","","MINING","","Coal mining","","https://raw.githubusercontent.com/prateekagr21/COAL-Analysis-and-Prediction/main/Coal%20Mines%20Dataset%20india.csv","83.8417","21.75","","","","","","","","","","OC","","","MCL","","","","Odisha","","","","","","",""
"367","","","","","POINT","MINE","LAKHANPUR","","","","","","Odisha","","","","","","","","","","","","","MINING","","Coal mining","","https://raw.githubusercontent.com/prateekagr21/COAL-Analysis-and-Prediction/main/Coal%20Mines%20Dataset%20india.csv","83.8401","21.7451","","","","","","","","","","OC","","","MCL","","","","Odisha","","","","","","",""
"368","","","","","POINT","MINE","LILARI","","","","","","Odisha","","","","","","","","","","","","","MINING","","Coal mining","","https://raw.githubusercontent.com/prateekagr21/COAL-Analysis-and-Prediction/main/Coal%20Mines%20Dataset%20india.csv","83.8568","21.7786","","","","","","","","","","OC","","","MCL","","","","Odisha","","","","","","",""
"369","","","","","POINT","MINE","MINE NO. 1&2","","","","","","Odisha","","","","","","","","","","","","","MINING","","Coal mining","","https://raw.githubusercontent.com/prateekagr21/COAL-Analysis-and-Prediction/main/Coal%20Mines%20Dataset%20india.csv","83.9183","21.8331","","","","","","","","","","UG","","","MCL","","","","Odisha","","","","","","",""
"370","","","","","POINT","MINE","MINE NO.3","","","","","","Odisha","","","","","","","","","","","","","MINING","","Coal mining","","https://raw.githubusercontent.com/prateekagr21/COAL-Analysis-and-Prediction/main/Coal%20Mines%20Dataset%20india.csv","83.9088","21.8432","","","","","","","","","","UG","","","MCL","","","","Odisha","","","","","","",""
"371","","","","","POINT","MINE","HIRAKHAND BUNDIA INCLINE","","","","","","Odisha","","","","","","","","","","","","","MINING","","Coal mining","","https://raw.githubusercontent.com/prateekagr21/COAL-Analysis-and-Prediction/main/Coal%20Mines%20Dataset%20india.csv","83.9151","21.7819","","","","","","","","","","UG","","","MCL","","","","Odisha","","","","","","",""
"372","","","","","POINT","MINE","MINE NO.4","","","","","","Odisha","","","","","","","","","","","","","MINING","","Coal mining","","https://raw.githubusercontent.com/prateekagr21/COAL-Analysis-and-Prediction/main/Coal%20Mines%20Dataset%20india.csv","83.9154","21.8408","","","","","","","","","","UG","","","MCL","","","","Odisha","","","","","","",""
"373","","","","","POINT","MINE","Dulanga coal mine (CAPTIVE)","","","","","","Odisha","","","","","","","","","","","","","MINING","","Coal mining","","https://raw.githubusercontent.com/prateekagr21/COAL-Analysis-and-Prediction/main/Coal%20Mines%20Dataset%20india.csv","83.7985","21.4347","","","","","","","","","","OC","","","NTPC","","","","Odisha","","","","","","",""
"374","","","","","POINT","MINE","KULDA","","","","","","Odisha","","","","","","","","","","","","","MINING","","Coal mining","","https://raw.githubusercontent.com/prateekagr21/COAL-Analysis-and-Prediction/main/Coal%20Mines%20Dataset%20india.csv","83.7421","22.034","","","","","","","","","","OC","","","MCL","","","","Odisha","","","","","","",""
"375","","","","","POINT","MINE","GARJANBAHAL","","","","","","Odisha","","","","","","","","","","","","","MINING","","Coal mining","","https://raw.githubusercontent.com/prateekagr21/COAL-Analysis-and-Prediction/main/Coal%20Mines%20Dataset%20india.csv","83.7576","22.0108","","","","","","","","","","OC","","","MCL","","","","Odisha","","","","","","",""
"376","","","","","POINT","MINE","BASUNDHARA (W)","","","","","","Odisha","","","","","","","","","","","","","MINING","","Coal mining","","https://raw.githubusercontent.com/prateekagr21/COAL-Analysis-and-Prediction/main/Coal%20Mines%20Dataset%20india.csv","83.6892","22.0699","","","","","","","","","","OC","","","MCL","","","","Odisha","","","","","","",""
"377","","","","","POINT","MINE","Talabira II","","","","","","Odisha","","","","","","","","","","","","","MINING","","Coal mining","","https://raw.githubusercontent.com/prateekagr21/COAL-Analysis-and-Prediction/main/Coal%20Mines%20Dataset%20india.csv","83.9917","21.7344","","","","","","","","","","OC","","","NLC Ltd","","","","Odisha","","","","","","",""
"378","","","","","POINT","MINE","Talabira III","","","","","","Odisha","","","","","","","","","","","","","MINING","","Coal mining","","https://raw.githubusercontent.com/prateekagr21/COAL-Analysis-and-Prediction/main/Coal%20Mines%20Dataset%20india.csv","83.9921","21.7372","","","","","","","","","","OC","","","NLC Ltd","","","","Odisha","","","","","","",""
"379","","","","","POINT","MINE","Talabira I (CAPTIVE)","","","","","","Odisha","","","","","","","","","","","","","MINING","","Coal mining","","https://raw.githubusercontent.com/prateekagr21/COAL-Analysis-and-Prediction/main/Coal%20Mines%20Dataset%20india.csv","83.9958","21.7299","","","","","","","","","","OC","","","GMR Group","","","","Odisha","","","","","","",""
"380","","","","","POINT","MINE","Tipong","","","","","","Assam","","","","","","","","","","","","","MINING","","Coal mining","","https://raw.githubusercontent.com/prateekagr21/COAL-Analysis-and-Prediction/main/Coal%20Mines%20Dataset%20india.csv","95.8556","27.3039","","","","","","","","","","UG","","","NEC","","","","Assam","","","","","","",""
"381","","","","","POINT","MINE","Tirap","","","","","","Assam","","","","","","","","","","","","","MINING","","Coal mining","","https://raw.githubusercontent.com/prateekagr21/COAL-Analysis-and-Prediction/main/Coal%20Mines%20Dataset%20india.csv","95.7904","27.2924","","","","","","","","","","OC","","","NEC","","","","Assam","","","","","","",""
"382","","","","","POINT","MINE","Tikak","","","","","","Assam","","","","","","","","","","","","","MINING","","Coal mining","","https://raw.githubusercontent.com/prateekagr21/COAL-Analysis-and-Prediction/main/Coal%20Mines%20Dataset%20india.csv","95.7334","27.2836","","","","","","","","","","OC","","","NEC","","","","Assam","","","","","","",""
"383","","","","","POINT","MINE","Mine I & Expansion","","","","","","Tamil Nadu","","","","","","","","","","","","","MINING","","Lignite mining","","https://raw.githubusercontent.com/prateekagr21/COAL-Analysis-and-Prediction/main/Coal%20Mines%20Dataset%20india.csv","79.50805","11.5709","","","","","","","","","","OC","","","NLC Ltd","","","","Tamil Nadu","","","","","","",""
"384","","","","","POINT","MINE","Mine I A","","","","","","Tamil Nadu","","","","","","","","","","","","","MINING","","Lignite mining","","https://raw.githubusercontent.com/prateekagr21/COAL-Analysis-and-Prediction/main/Coal%20Mines%20Dataset%20india.csv","79.51781","11.57352","","","","","","","","","","OC","","","NLC Ltd","","","","Tamil Nadu","","","","","","",""
"385","","","","","POINT","MINE","Mine II & Expansion","","","","","","Tamil Nadu","","","","","","","","","","","","","MINING","","Lignite mining","","https://raw.githubusercontent.com/prateekagr21/COAL-Analysis-and-Prediction/main/Coal%20Mines%20Dataset%20india.csv","79.475537","11.520268","","","","","","","","","","OC","","","NLC Ltd","","","","Tamil Nadu","","","","","","",""
"386","","","","","POINT","MINE","Tadkeshwar Lignite Mine (CAPTIVE)","","","","","","Gujarat","","","","","","","","","","","","","MINING","","Lignite mining","","https://raw.githubusercontent.com/prateekagr21/COAL-Analysis-and-Prediction/main/Coal%20Mines%20Dataset%20india.csv","73.0847","21.3403","","","","","","","","","","OC","","","GMDCL","","","","Gujarat","","","","","","",""
"387","","","","","POINT","MINE","Vastan Lignite (CAPTIVE)","","","","","","Gujarat","","","","","","","","","","","","","MINING","","Lignite mining","","https://raw.githubusercontent.com/prateekagr21/COAL-Analysis-and-Prediction/main/Coal%20Mines%20Dataset%20india.csv","73.0906","21.3825","","","","","","","","","","OC","","","GIPCL","","","","Gujarat","","","","","","",""
"388","","","","","POINT","MINE","Mangrol-Valia Lignite Mine (CAPTIVE)","","","","","","Gujarat","","","","","","","","","","","","","MINING","","Lignite mining","","https://raw.githubusercontent.com/prateekagr21/COAL-Analysis-and-Prediction/main/Coal%20Mines%20Dataset%20india.csv","73.1","21.4167","","","","","","","","","","OC","","","GIPCL","","","","Gujarat","","","","","","",""
"389","","","","","POINT","MINE","Rajpardi Lignite Mine (Amod G - 19 Extension Lignite Mine) (CAPTIVE)","","","","","","Gujarat","","","","","","","","","","","","","MINING","","Lignite mining","","https://raw.githubusercontent.com/prateekagr21/COAL-Analysis-and-Prediction/main/Coal%20Mines%20Dataset%20india.csv","73.2172","21.7033","","","","","","","","","","OC","","","GMDCL","","","","Gujarat","","","","","","",""
"390","","","","","POINT","MINE","Panandhro Lignite Mine (CAPTIVE)","","","","","","Gujarat","","","","","","","","","","","","","MINING","","Lignite mining","","https://raw.githubusercontent.com/prateekagr21/COAL-Analysis-and-Prediction/main/Coal%20Mines%20Dataset%20india.csv","68.786","23.6961","","","","","","","","","","OC","","","GMDCL","","","","Gujarat","","","","","","",""
"391","","","","","POINT","MINE","Mata No Madh Lignite Mine (CAPTIVE)","","","","","","Gujarat","","","","","","","","","","","","","MINING","","Lignite mining","","https://raw.githubusercontent.com/prateekagr21/COAL-Analysis-and-Prediction/main/Coal%20Mines%20Dataset%20india.csv","68.59","23.29","","","","","","","","","","OC","","","GMDCL","","","","Gujarat","","","","","","",""
"392","","","","","POINT","MINE","Umarsar Lignite Mine (CAPTIVE)","","","","","","Gujarat","","","","","","","","","","","","","MINING","","Lignite mining","","https://raw.githubusercontent.com/prateekagr21/COAL-Analysis-and-Prediction/main/Coal%20Mines%20Dataset%20india.csv","68.53","23.42","","","","","","","","","","OC","","","GMDCL","","","","Gujarat","","","","","","",""
"393","","","","","POINT","MINE","Bhavnagar Lignite Mine (Surkha (North) Lignite Mine) (CAPTIVE)","","","","","","Gujarat","","","","","","","","","","","","","MINING","","Lignite mining","","https://raw.githubusercontent.com/prateekagr21/COAL-Analysis-and-Prediction/main/Coal%20Mines%20Dataset%20india.csv","72.163","21.2643","","","","","","","","","","OC","","","GMDCL","","","","Gujarat","","","","","","",""
"394","","","","","POINT","MINE","KHADSALIYA LIGNITE MINE (CAPTIVE)","","","","","","Gujarat","","","","","","","","","","","","","MINING","","Lignite mining","","https://raw.githubusercontent.com/prateekagr21/COAL-Analysis-and-Prediction/main/Coal%20Mines%20Dataset%20india.csv","72.2397","21.6259","","","","","","","","","","OC","","","GHCL Limited","","","","Gujarat","","","","","","",""
"395","","","","","POINT","MINE","Kapurdi Lignite Block (CAPTIVE)","","","","","","Rajasthan","","","","","","","","","","","","","MINING","","Lignite mining","","https://raw.githubusercontent.com/prateekagr21/COAL-Analysis-and-Prediction/main/Coal%20Mines%20Dataset%20india.csv","71.02122","25.056","","","","","","","","","","OC","","","BLMCL","","","","Rajasthan","","","","","","",""
"396","","","","","POINT","MINE","Jalipa Lignite Block (CAPTIVE)","","","","","","Rajasthan","","","","","","","","","","","","","MINING","","Lignite mining","","https://raw.githubusercontent.com/prateekagr21/COAL-Analysis-and-Prediction/main/Coal%20Mines%20Dataset%20india.csv","71.2436","25.5138","","","","","","","","","","OC","","","BLMCL","","","","Rajasthan","","","","","","",""
"397","","","","","POINT","MINE","Giral mine (CAPTIVE)","","","","","","Rajasthan","","","","","","","","","","","","","MINING","","Lignite mining","","https://raw.githubusercontent.com/prateekagr21/COAL-Analysis-and-Prediction/main/Coal%20Mines%20Dataset%20india.csv","71.1347","26.0124","","","","","","","","","","OC","","","RSMML","","","","Rajasthan","","","","","","",""
"398","","","","","POINT","MINE","Sonari (CAPTIVE)","","","","","","Rajasthan","","","","","","","","","","","","","MINING","","Lignite mining","","https://raw.githubusercontent.com/prateekagr21/COAL-Analysis-and-Prediction/main/Coal%20Mines%20Dataset%20india.csv","71.1542","25.5709","","","","","","","","","","OC","","","RSMML","","","","Rajasthan","","","","","","",""
"399","","","","","POINT","MINE","MATASUKH & KASNAU (CAPTIVE)","","","","","","Rajasthan","","","","","","","","","","","","","MINING","","Lignite mining","","https://raw.githubusercontent.com/prateekagr21/COAL-Analysis-and-Prediction/main/Coal%20Mines%20Dataset%20india.csv","74.024","27.03","","","","","","","","","","OC","","","RSMML","","","","Rajasthan","","","","","","",""
"400","","","","","POINT","MINE","Gurha East Lignite Mine (CAPTIVE)","","","","","","Rajasthan","","","","","","","","","","","","","MINING","","Lignite mining","","https://raw.githubusercontent.com/prateekagr21/COAL-Analysis-and-Prediction/main/Coal%20Mines%20Dataset%20india.csv","72.51259","27.52314","","","","","","","","","","OC","","","VS Lignite Power Private Limited","","","","Rajasthan","","","","","","",""
"401","","","","","POINT","MINE","Barsingsar Mine","","","","","","Rajasthan","","","","","","","","","","","","","MINING","","Lignite mining","","https://raw.githubusercontent.com/prateekagr21/COAL-Analysis-and-Prediction/main/Coal%20Mines%20Dataset%20india.csv","73.112","27.4859","","","","","","","","","","OC","","","NLC Ltd","","","","Rajasthan","","","","","","",""
"402","","","","","POINT","MINE","Tadicherla (CAPTIVE)","","","","","","Telangana","","","","","","","","","","","","","MINING","","Coal mining","","https://raw.githubusercontent.com/prateekagr21/COAL-Analysis-and-Prediction/main/Coal%20Mines%20Dataset%20india.csv","79.72295","18.61625","","","","","","","","","","OC","","","TSPGCL","","","","Telangana","","","","","","",""
"403","","","","","POINT","MINE","GK OC","","","","","","Telangana","","","","","","","","","","","","","MINING","","Coal mining","","https://raw.githubusercontent.com/prateekagr21/COAL-Analysis-and-Prediction/main/Coal%20Mines%20Dataset%20india.csv","80.3738","17.2615","","","","","","","","","","OC","","","SCCL","","","","Telangana","","","","","","",""
"404","","","","","POINT","MINE","JVR OC-II","","","","","","Telangana","","","","","","","","","","","","","MINING","","Coal mining","","https://raw.githubusercontent.com/prateekagr21/COAL-Analysis-and-Prediction/main/Coal%20Mines%20Dataset%20india.csv","80.454338","17.095459","","","","","","","","","","OC","","","SCCL","","","","Telangana","","","","","","",""
"405","","","","","POINT","MINE","JVR OC","","","","","","Telangana","","","","","","","","","","","","","MINING","","Coal mining","","https://raw.githubusercontent.com/prateekagr21/COAL-Analysis-and-Prediction/main/Coal%20Mines%20Dataset%20india.csv","80.492","17.1301","","","","","","","","","","OC","","","SCCL","","","","Telangana","","","","","","",""
"406","","","","","POINT","MINE","KISTARAM OC","","","","","","Telangana","","","","","","","","","","","","","MINING","","Coal mining","","https://raw.githubusercontent.com/prateekagr21/COAL-Analysis-and-Prediction/main/Coal%20Mines%20Dataset%20india.csv","80.7865","17.2265","","","","","","","","","","OC","","","SCCL","","","","Telangana","","","","","","",""
"407","","","","","POINT","MINE","KOYAGUDEM OC-II","","","","","","Telangana","","","","","","","","","","","","","MINING","","Coal mining","","https://raw.githubusercontent.com/prateekagr21/COAL-Analysis-and-Prediction/main/Coal%20Mines%20Dataset%20india.csv","80.4845","17.6258","","","","","","","","","","OC","","","SCCL","","","","Telangana","","","","","","",""
"408","","","","","POINT","MINE","JK-5 OC","","","","","","Telangana","","","","","","","","","","","","","MINING","","Coal mining","","https://raw.githubusercontent.com/prateekagr21/COAL-Analysis-and-Prediction/main/Coal%20Mines%20Dataset%20india.csv","80.3225","17.5783","","","","","","","","","","OC","","","SCCL","","","","Telangana","","","","","","",""
"409","","","","","POINT","MINE","KOYAGUDEM OC-III","","","","","","Telangana","","","","","","","","","","","","","MINING","","Coal mining","","https://raw.githubusercontent.com/prateekagr21/COAL-Analysis-and-Prediction/main/Coal%20Mines%20Dataset%20india.csv","80.4926","17.6265","","","","","","","","","","OC","","","SCCL","","","","Telangana","","","","","","",""
"410","","","","","POINT","MINE","PK - OC-2","","","","","","Telangana","","","","","","","","","","","","","MINING","","Coal mining","","https://raw.githubusercontent.com/prateekagr21/COAL-Analysis-and-Prediction/main/Coal%20Mines%20Dataset%20india.csv","80.772","17.9406","","","","","","","","","","OC","","","SCCL","","","","Telangana","","","","","","",""
"411","","","","","POINT","MINE","PK OC-4","","","","","","Telangana","","","","","","","","","","","","","MINING","","Coal mining","","https://raw.githubusercontent.com/prateekagr21/COAL-Analysis-and-Prediction/main/Coal%20Mines%20Dataset%20india.csv","80.7784","17.9391","","","","","","","","","","OC","","","SCCL","","","","Telangana","","","","","","",""
"412","","","","","POINT","MINE","MNG OC","","","","","","Telangana","","","","","","","","","","","","","MINING","","Coal mining","","https://raw.githubusercontent.com/prateekagr21/COAL-Analysis-and-Prediction/main/Coal%20Mines%20Dataset%20india.csv","80.8346","17.976","","","","","","","","","","OC","","","SCCL","","","","Telangana","","","","","","",""
"413","","","","","POINT","MINE","PVK-5","","","","","","Telangana","","","","","","","","","","","","","MINING","","Coal mining","","https://raw.githubusercontent.com/prateekagr21/COAL-Analysis-and-Prediction/main/Coal%20Mines%20Dataset%20india.csv","80.6706","17.4983","","","","","","","","","","UG","","","SCCL","","","","Telangana","","","","","","",""
"414","","","","","POINT","MINE","VK 7 INC","","","","","","Telangana","","","","","","","","","","","","","MINING","","Coal mining","","https://raw.githubusercontent.com/prateekagr21/COAL-Analysis-and-Prediction/main/Coal%20Mines%20Dataset%20india.csv","80.6792","17.4793","","","","","","","","","","UG","","","SCCL","","","","Telangana","","","","","","",""
"415","","","","","POINT","MINE","21 INC","","","","","","Telangana","","","","","","","","","","","","","MINING","","Coal mining","","https://raw.githubusercontent.com/prateekagr21/COAL-Analysis-and-Prediction/main/Coal%20Mines%20Dataset%20india.csv","80.2244","17.5949","","","","","","","","","","UG","","","SCCL","","","","Telangana","","","","","","",""
"416","","","","","POINT","MINE","KONDAPURAM","","","","","","Telangana","","","","","","","","","","","","","MINING","","Coal mining","","https://raw.githubusercontent.com/prateekagr21/COAL-Analysis-and-Prediction/main/Coal%20Mines%20Dataset%20india.csv","80.75","17.9481","","","","","","","","","","UG","","","SCCL","","","","Telangana","","","","","","",""
"417","","","","","POINT","MINE","KTK 1-1A","","","","","","Telangana","","","","","","","","","","","","","MINING","","Coal mining","","https://raw.githubusercontent.com/prateekagr21/COAL-Analysis-and-Prediction/main/Coal%20Mines%20Dataset%20india.csv","79.8605","18.461","","","","","","","","","","OC","","","SCCL","","","","Telangana","","","","","","",""
"418","","","","","POINT","MINE","KTK 5 INC","","","","","","Telangana","","","","","","","","","","","","","MINING","","Coal mining","","https://raw.githubusercontent.com/prateekagr21/COAL-Analysis-and-Prediction/main/Coal%20Mines%20Dataset%20india.csv","79.7622","18.5126","","","","","","","","","","OC","","","SCCL","","","","Telangana","","","","","","",""
"419","","","","","POINT","MINE","KTK-6 INC","","","","","","Telangana","","","","","","","","","","","","","MINING","","Coal mining","","https://raw.githubusercontent.com/prateekagr21/COAL-Analysis-and-Prediction/main/Coal%20Mines%20Dataset%20india.csv","79.859","18.4623","","","","","","","","","","OC","","","SCCL","","","","Telangana","","","","","","",""
"420","","","","","POINT","MINE","KTK OC-II","","","","","","Telangana","","","","","","","","","","","","","MINING","","Coal mining","","https://raw.githubusercontent.com/prateekagr21/COAL-Analysis-and-Prediction/main/Coal%20Mines%20Dataset%20india.csv","79.8572","18.4568","","","","","","","","","","OC","","","SCCL","","","","Telangana","","","","","","",""
"421","","","","","POINT","MINE","KTK 8&8A","","","","","","Telangana","","","","","","","","","","","","","MINING","","Coal mining","","https://raw.githubusercontent.com/prateekagr21/COAL-Analysis-and-Prediction/main/Coal%20Mines%20Dataset%20india.csv","79.8611","18.4639","","","","","","","","","","OC","","","SCCL","","","","Telangana","","","","","","",""
"422","","","","","POINT","MINE","KTK OC- III","","","","","","Telangana","","","","","","","","","","","","","MINING","","Coal mining","","https://raw.githubusercontent.com/prateekagr21/COAL-Analysis-and-Prediction/main/Coal%20Mines%20Dataset%20india.csv","79.9017","18.355","","","","","","","","","","OC","","","SCCL","","","","Telangana","","","","","","",""
"423","","","","","POINT","MINE","KHAIRAGURA OCP","","","","","","Telangana","","","","","","","","","","","","","MINING","","Coal mining","","https://raw.githubusercontent.com/prateekagr21/COAL-Analysis-and-Prediction/main/Coal%20Mines%20Dataset%20india.csv","79.2854","19.2458","","","","","","","","","","OC","","","SCCL","","","","Telangana","","","","","","",""
"424","","","","","POINT","MINE","BPA.OC-2-EXTN","","","","","","Telangana","","","","","","","","","","","","","MINING","","Coal mining","","https://raw.githubusercontent.com/prateekagr21/COAL-Analysis-and-Prediction/main/Coal%20Mines%20Dataset%20india.csv","79.3547","19.2125","","","","","","","","","","OC","","","SCCL","","","","Telangana","","","","","","",""
"425","","","","","POINT","MINE","DORLI OCP-I","","","","","","Telangana","","","","","","","","","","","","","MINING","","Coal mining","","https://raw.githubusercontent.com/prateekagr21/COAL-Analysis-and-Prediction/main/Coal%20Mines%20Dataset%20india.csv","79.2174","19.2785","","","","","","","","","","OC","","","SCCL","","","","Telangana","","","","","","",""
"426","","","","","POINT","MINE","RK OCP-I","","","","","","Telangana","","","","","","","","","","","","","MINING","","Coal mining","","https://raw.githubusercontent.com/prateekagr21/COAL-Analysis-and-Prediction/main/Coal%20Mines%20Dataset%20india.csv","79.4894936","18.92721975","","","","","","","","","","OC","","","SCCL","","","","Telangana","","","","","","",""
"427","","","","","POINT","MINE","KK OC","","","","","","Telangana","","","","","","","","","","","","","MINING","","Coal mining","","https://raw.githubusercontent.com/prateekagr21/COAL-Analysis-and-Prediction/main/Coal%20Mines%20Dataset%20india.csv","79.4651","19.01","","","","","","","","","","OC","","","SCCL","","","","Telangana","","","","","","",""
"428","","","","","POINT","MINE","SRP OC-II","","","","","","Telangana","","","","","","","","","","","","","MINING","","Coal mining","","https://raw.githubusercontent.com/prateekagr21/COAL-Analysis-and-Prediction/main/Coal%20Mines%20Dataset%20india.csv","79.5042","18.8278","","","","","","","","","","OC","","","SCCL","","","","Telangana","","","","","","",""
"429","","","","","POINT","MINE","IK OC","","","","","","Telangana","","","","","","","","","","","","","MINING","","Coal mining","","https://raw.githubusercontent.com/prateekagr21/COAL-Analysis-and-Prediction/main/Coal%20Mines%20Dataset%20india.csv","79.4917","18.8208","","","","","","","","","","OC","","","SCCL","","","","Telangana","","","","","","",""
"430","","","","","POINT","MINE","KASIPET2","","","","","","Telangana","","","","","","","","","","","","","MINING","","Coal mining","","https://raw.githubusercontent.com/prateekagr21/COAL-Analysis-and-Prediction/main/Coal%20Mines%20Dataset%20india.csv","79.422","19.0571","","","","","","","","","","UG","","","SCCL","","","","Telangana","","","","","","",""
"431","","","","","POINT","MINE","RK 5 INC","","","","","","Telangana","","","","","","","","","","","","","MINING","","Coal mining","","https://raw.githubusercontent.com/prateekagr21/COAL-Analysis-and-Prediction/main/Coal%20Mines%20Dataset%20india.csv","79.5081","18.8894","","","","","","","","","","UG","","","SCCL","","","","Telangana","","","","","","",""
"432","","","","","POINT","MINE","RK 6 INC","","","","","","Telangana","","","","","","","","","","","","","MINING","","Coal mining","","https://raw.githubusercontent.com/prateekagr21/COAL-Analysis-and-Prediction/main/Coal%20Mines%20Dataset%20india.csv","79.5174","18.8724","","","","","","","","","","UG","","","SCCL","","","","Telangana","","","","","","",""
"433","","","","","POINT","MINE","RK 7 INC","","","","","","Telangana","","","","","","","","","","","","","MINING","","Coal mining","","https://raw.githubusercontent.com/prateekagr21/COAL-Analysis-and-Prediction/main/Coal%20Mines%20Dataset%20india.csv","79.5289","18.8717","","","","","","","","","","UG","","","SCCL","","","","Telangana","","","","","","",""
"434","","","","","POINT","MINE","RK 8 INC","","","","","","Telangana","","","","","","","","","","","","","MINING","","Coal mining","","https://raw.githubusercontent.com/prateekagr21/COAL-Analysis-and-Prediction/main/Coal%20Mines%20Dataset%20india.csv","79.4917","18.8958","","","","","","","","","","UG","","","SCCL","","","","Telangana","","","","","","",""
"435","","","","","POINT","MINE","RK - NT","","","","","","Telangana","","","","","","","","","","","","","MINING","","Coal mining","","https://raw.githubusercontent.com/prateekagr21/COAL-Analysis-and-Prediction/main/Coal%20Mines%20Dataset%20india.csv","79.5325","18.8564","","","","","","","","","","UG","","","SCCL","","","","Telangana","","","","","","",""
"436","","","","","POINT","MINE","SRP 1 INC","","","","","","Telangana","","","","","","","","","","","","","MINING","","Coal mining","","https://raw.githubusercontent.com/prateekagr21/COAL-Analysis-and-Prediction/main/Coal%20Mines%20Dataset%20india.csv","79.4994","18.8576","","","","","","","","","","UG","","","SCCL","","","","Telangana","","","","","","",""
"437","","","","","POINT","MINE","SRP 3&3A INC","","","","","","Telangana","","","","","","","","","","","","","MINING","","Coal mining","","https://raw.githubusercontent.com/prateekagr21/COAL-Analysis-and-Prediction/main/Coal%20Mines%20Dataset%20india.csv","79.5012","18.8596","","","","","","","","","","UG","","","SCCL","","","","Telangana","","","","","","",""
"438","","","","","POINT","MINE","IK 1A INC","","","","","","Telangana","","","","","","","","","","","","","MINING","","Coal mining","","https://raw.githubusercontent.com/prateekagr21/COAL-Analysis-and-Prediction/main/Coal%20Mines%20Dataset%20india.csv","79.5208","18.8063","","","","","","","","","","UG","","","SCCL","","","","Telangana","","","","","","",""
"439","","","","","POINT","MINE","ALP","","","","","","Telangana","","","","","","","","","","","","","MINING","","Coal mining","","https://raw.githubusercontent.com/prateekagr21/COAL-Analysis-and-Prediction/main/Coal%20Mines%20Dataset%20india.csv","79.579","18.6648","","","","","","","","","","UG","","","SCCL","","","","Telangana","","","","","","",""
"440","","","","","POINT","MINE","SK","","","","","","Telangana","","","","","","","","","","","","","MINING","","Coal mining","","https://raw.githubusercontent.com/prateekagr21/COAL-Analysis-and-Prediction/main/Coal%20Mines%20Dataset%20india.csv","79.5333","19.0508","","","","","","","","","","UG","","","SCCL","","","","Telangana","","","","","","",""
"441","","","","","POINT","MINE","KK 1 INC","","","","","","Telangana","","","","","","","","","","","","","MINING","","Coal mining","","https://raw.githubusercontent.com/prateekagr21/COAL-Analysis-and-Prediction/main/Coal%20Mines%20Dataset%20india.csv","79.4796","18.9915","","","","","","","","","","UG","","","SCCL","","","","Telangana","","","","","","",""
"442","","","","","POINT","MINE","KK 5 INC","","","","","","Telangana","","","","","","","","","","","","","MINING","","Coal mining","","https://raw.githubusercontent.com/prateekagr21/COAL-Analysis-and-Prediction/main/Coal%20Mines%20Dataset%20india.csv","79.4833","18.8278","","","","","","","","","","UG","","","SCCL","","","","Telangana","","","","","","",""
"443","","","","","POINT","MINE","KASIPET","","","","","","Telangana","","","","","","","","","","","","","MINING","","Coal mining","","https://raw.githubusercontent.com/prateekagr21/COAL-Analysis-and-Prediction/main/Coal%20Mines%20Dataset%20india.csv","79.4397","19.0203","","","","","","","","","","UG","","","SCCL","","","","Telangana","","","","","","",""
"444","","","","","POINT","MINE","RK 1A INC","","","","","","Telangana","","","","","","","","","","","","","MINING","","Coal mining","","https://raw.githubusercontent.com/prateekagr21/COAL-Analysis-and-Prediction/main/Coal%20Mines%20Dataset%20india.csv","79.4879","18.9507","","","","","","","","","","UG","","","SCCL","","","","Telangana","","","","","","",""
"445","","","","","POINT","MINE","GDK 5 OC","","","","","","Telangana","","","","","","","","","","","","","MINING","","Coal mining","","https://raw.githubusercontent.com/prateekagr21/COAL-Analysis-and-Prediction/main/Coal%20Mines%20Dataset%20india.csv","79.5577","18.7425","","","","","","","","","","OC","","","SCCL","","","","Telangana","","","","","","",""
"446","","","","","POINT","MINE","MEDIPALLI OC","","","","","","Telangana","","","","","","","","","","","","","MINING","","Coal mining","","https://raw.githubusercontent.com/prateekagr21/COAL-Analysis-and-Prediction/main/Coal%20Mines%20Dataset%20india.csv","79.4652","18.7993","","","","","","","","","","OC","","","SCCL","","","","Telangana","","","","","","",""
"447","","","","","POINT","MINE","MEDPL HW","","","","","","Telangana","","","","","","","","","","","","","MINING","","Coal mining","","https://raw.githubusercontent.com/prateekagr21/COAL-Analysis-and-Prediction/main/Coal%20Mines%20Dataset%20india.csv","79.38994198","18.60610194","","","","","","","","","","OC","","","SCCL","","","","Telangana","","","","","","",""
"448","","","","","POINT","MINE","RG OC-3","","","","","","Telangana","","","","","","","","","","","","","MINING","","Coal mining","","https://raw.githubusercontent.com/prateekagr21/COAL-Analysis-and-Prediction/main/Coal%20Mines%20Dataset%20india.csv","79.5158","18.7111","","","","","","","","","","OC","","","SCCL","","","","Telangana","","","","","","",""
"449","","","","","POINT","MINE","RG OC-III EXT PH-2","","","","","","Telangana","","","","","","","","","","","","","MINING","","Coal mining","","https://raw.githubusercontent.com/prateekagr21/COAL-Analysis-and-Prediction/main/Coal%20Mines%20Dataset%20india.csv","79.5352","18.6976","","","","","","","","","","OC","","","SCCL","","","","Telangana","","","","","","",""
"450","","","","","POINT","MINE","RG OC-2","","","","","","Telangana","","","","","","","","","","","","","MINING","","Coal mining","","https://raw.githubusercontent.com/prateekagr21/COAL-Analysis-and-Prediction/main/Coal%20Mines%20Dataset%20india.csv","79.5406","18.6782","","","","","","","","","","OC","","","SCCL","","","","Telangana","","","","","","",""
"451","","","","","POINT","MINE","RG OC-I LEP","","","","","","Telangana","","","","","","","","","","","","","MINING","","Coal mining","","https://raw.githubusercontent.com/prateekagr21/COAL-Analysis-and-Prediction/main/Coal%20Mines%20Dataset%20india.csv","79.5542","18.6683","","","","","","","","","","OC","","","SCCL","","","","Telangana","","","","","","",""
"452","","","","","POINT","MINE","Vakilpalli Mine","","","","","","Telangana","","","","","","","","","","","","","MINING","","Coal mining","","https://raw.githubusercontent.com/prateekagr21/COAL-Analysis-and-Prediction/main/Coal%20Mines%20Dataset%20india.csv","79.3321","18.4014","","","","","","","","","","UG","","","SCCL","","","","Telangana","","","","","","",""
"453","","","","","POINT","MINE","GDK 7 (LEP)","","","","","","Telangana","","","","","","","","","","","","","MINING","","Coal mining","","https://raw.githubusercontent.com/prateekagr21/COAL-Analysis-and-Prediction/main/Coal%20Mines%20Dataset%20india.csv","79.3842","18.4316","","","","","","","","","","UG","","","SCCL","","","","Telangana","","","","","","",""
"454","","","","","POINT","MINE","GDK 1&3 INC","","","","","","Telangana","","","","","","","","","","","","","MINING","","Coal mining","","https://raw.githubusercontent.com/prateekagr21/COAL-Analysis-and-Prediction/main/Coal%20Mines%20Dataset%20india.csv","79.3025","18.0452","","","","","","","","","","UG","","","SCCL","","","","Telangana","","","","","","",""
"455","","","","","POINT","MINE","GDK 2&2A INC","","","","","","Telangana","","","","","","","","","","","","","MINING","","Coal mining","","https://raw.githubusercontent.com/prateekagr21/COAL-Analysis-and-Prediction/main/Coal%20Mines%20Dataset%20india.csv","79.3111","18.4221","","","","","","","","","","UG","","","SCCL","","","","Telangana","","","","","","",""
"456","","","","","POINT","MINE","GDK 5 INC","","","","","","Telangana","","","","","","","","","","","","","MINING","","Coal mining","","https://raw.githubusercontent.com/prateekagr21/COAL-Analysis-and-Prediction/main/Coal%20Mines%20Dataset%20india.csv","79.3546","18.4545","","","","","","","","","","UG","","","SCCL","","","","Telangana","","","","","","",""
"457","","","","","POINT","MINE","GDK 11 INC","","","","","","Telangana","","","","","","","","","","","","","MINING","","Coal mining","","https://raw.githubusercontent.com/prateekagr21/COAL-Analysis-and-Prediction/main/Coal%20Mines%20Dataset%20india.csv","79.3258","18.4161","","","","","","","","","","UG","","","SCCL","","","","Telangana","","","","","","",""
"458","","","","","POINT","MINE","GDK 10 INC","","","","","","Telangana","","","","","","","","","","","","","MINING","","Coal mining","","https://raw.githubusercontent.com/prateekagr21/COAL-Analysis-and-Prediction/main/Coal%20Mines%20Dataset%20india.csv","79.3345","18.3915","","","","","","","","","","UG","","","SCCL","","","","Telangana","","","","","","",""
